,uri,y
0,imgs/moped_f53e35d7-67ed-4283-9e22-d485f3c6906c.jpg,1
1,imgs/moped_7a019b3c-f7b9-49ae-9b80-25a74e205b27.jpg,1
2,imgs/moped_80feab97-cbab-4e2e-9799-a445d8ef5e7e.jpg,1
3,imgs/moped_46e554dc-818f-4437-9971-05d69f04b326.jpg,1
4,,1
5,imgs/moped_921f4659-5477-4103-8689-028a09eb78c5.jpg,1
6,imgs/moped_39797d6e-ba13-4df0-a1e3-412a0ee73118.jpg,1
7,imgs/moped_874021c8-7b7a-4c65-8b3b-e02b451d0328.jpg,1
8,imgs/moped_309fee12-c4a7-4cf2-9ad3-e2d9989e903a.jpg,1
9,imgs/moped_72f23a78-34ee-4fea-ba75-127d79d75cf3.jpg,1
10,imgs/moped_7574d2c1-20c8-4c54-afc6-7c94698f2f03.jpg,1
11,imgs/moped_ec1b8543-b230-4942-8eea-6cc3f8450425.jpg,1
12,,1
13,imgs/moped_f1f44681-9cad-4c0f-a2ad-86b50b8f6393.jpg,1
14,imgs/moped_4cd4c6e6-a828-4ed2-9ce5-81651ddd4a6e.jpg,1
15,imgs/moped_18d6bd4d-6842-4675-8517-55d8100d9a72.jpg,1
16,imgs/moped_6705c9c5-ed54-4dec-9c07-b2af74e03d13.jpg,1
17,imgs/moped_8bcefecf-d070-4acb-8f03-223824b15f71.jpg,1
18,,1
19,imgs/moped_7193e80a-0c87-42fe-b0b1-0c85c88422b3.jpg,1
20,imgs/moped_a2e79de5-66c6-48f3-ad14-f0445c0f2313.jpg,1
21,imgs/moped_9b5330bd-8e02-49eb-9064-90bfdee4b054.jpg,1
22,imgs/moped_1baccc58-5a04-4e9b-bff5-c0810e5ac5d9.jpg,1
23,imgs/moped_b2f6c471-335c-42d0-ad11-292a40200187.jpg,1
24,imgs/moped_37a9d03b-5daa-4061-87c4-2943f593fa19.jpg,1
25,,1
26,,1
27,imgs/moped_c1997277-921d-4461-b76c-e765b7a49d45.jpg,1
28,,1
29,imgs/moped_ff2b00ce-2380-45b4-ac99-aabe3bd26796.jpg,1
30,imgs/moped_e091bdf4-1948-4a48-aae0-ef61d0cf7b41.jpg,1
31,imgs/moped_92a91c53-3b70-4769-a2eb-81a208fdef1b.jpg,1
32,imgs/moped_76a29af1-c641-4eed-bc37-1fa7d942edff.jpg,1
33,imgs/moped_28374526-d2cd-468f-b57d-7b9ec8c7c06b.jpg,1
34,imgs/moped_f96d1349-6096-4f3d-a3cc-a77bc4cdc4ab.jpg,1
35,imgs/moped_875afa1e-dd83-4ff4-adaa-8db6a72ed413.jpg,1
36,imgs/moped_89b50c3b-edb0-4cd7-80dc-10e2696bd4c2.jpg,1
37,,1
38,imgs/moped_780ece4b-c0ba-4dac-925e-cb02c9b596a5.jpg,1
39,imgs/moped_e1a1fdd8-a9b3-4be6-9b76-8f40174b2bf7.jpg,1
40,,1
41,imgs/moped_6f57fa11-e923-4aec-b6b9-ae1db315f9ab.jpg,1
42,imgs/moped_259032d0-6a16-49fe-9196-ff600c132582.jpg,1
43,,1
44,imgs/moped_731e4f21-4d6a-4dbb-9153-02ba77b799f6.jpg,1
45,imgs/moped_057912d8-4bed-4fde-8af9-1a5a28942791.jpg,1
46,imgs/moped_be59c97d-6bd7-4297-ae83-ca1507410bd3.jpg,1
47,imgs/moped_8f34c4d9-fd49-4ab9-88ce-74cfd48df807.jpg,1
48,imgs/moped_22264625-fe9a-42e1-8033-e69ee1f9d6a8.jpg,1
49,imgs/moped_3cbe4285-804f-459a-81ef-1140a0905475.jpg,1
50,,1
51,imgs/moped_3b4ce3c3-e359-4ec9-977e-3e0120be7c5e.jpg,1
52,imgs/moped_5f3eb164-b5f4-4fa2-9919-f863f514ad1e.jpg,1
53,imgs/moped_3ff64d8a-7b0b-4953-98c7-f278e1f39cf7.jpg,1
54,imgs/moped_9909db2a-0a88-4669-b564-835220a6a7f1.jpg,1
55,imgs/moped_c795adec-1c51-43b4-a3c5-9253d360dfe3.jpg,1
56,,1
57,imgs/moped_f094b6d4-69b0-42c2-abac-1df429ee8c0c.jpg,1
58,imgs/moped_af6054f9-978a-4465-b932-914f4ccf6f32.jpg,1
59,imgs/moped_9b592e8a-37fb-444f-8142-505d1ec0d1b5.jpg,1
60,imgs/moped_9dc4992e-3624-4fb4-b6a2-7a26a11c81a5.jpg,1
61,imgs/moped_b4b0a985-b25e-43c6-b0a8-3e5f9c731dcb.jpg,1
62,imgs/moped_1c333db0-a7ef-4168-9b5c-a693d2560e19.jpg,1
63,imgs/moped_c69d571d-6da9-416c-937f-82569a3893b3.jpg,1
64,imgs/moped_9be73a49-539c-4a95-b8a4-567d82d9b588.jpg,1
65,,1
66,imgs/moped_c3b9b32e-9540-44e8-b6fb-925d431012b5.jpg,1
67,,1
68,imgs/moped_d512df4c-9d53-47a6-8e0f-ce76a9880075.jpg,1
69,imgs/moped_93f1bbd5-9b2f-4cb7-9b06-c89d0b3966e0.jpg,1
70,imgs/moped_2e0eb80f-c457-43e5-9560-41c17aee489a.jpg,1
71,imgs/moped_a2802c6b-ad06-4d44-a40c-2c2c242dd4c1.jpg,1
72,imgs/moped_9032122f-4635-421d-8aac-a0d768f7f486.jpg,1
73,imgs/moped_a25137ad-b8f8-443d-8d44-d86d72b7fe29.jpg,1
74,imgs/moped_27b1ec16-d237-4195-a7aa-c630683450be.jpg,1
75,imgs/moped_c6dbad00-dfc8-4977-9833-50be6c2d87f3.jpg,1
76,imgs/moped_beeb2b84-0357-48cf-80fa-a65073e4458f.jpg,1
77,imgs/moped_165c934c-a66a-43ca-b398-985d21d97997.jpg,1
78,imgs/moped_1f6d61fc-9303-4196-b659-ceff8cda30be.jpg,1
79,imgs/moped_2563161b-bc8c-41b9-acbd-cb70967a3831.jpg,1
80,,1
81,imgs/moped_78de02a5-98aa-4d3d-a434-3e9f5177a16e.jpg,1
82,imgs/moped_ac923a1e-aeca-42ae-8050-1ff09fd88c20.jpg,1
83,imgs/moped_f9addb77-ab0f-439b-a161-c49f230a3ee0.jpg,1
84,imgs/moped_c107f6d6-0fb8-4550-909d-4b526dd95cd1.jpg,1
85,,1
86,imgs/moped_69d730d3-892d-4e1b-844b-f88ccfc9e294.jpg,1
87,imgs/moped_ef1be676-a0cb-4f0a-9b19-3ce764bfcc62.jpg,1
88,imgs/moped_a59de037-c90f-437c-82ee-98148e63f956.jpg,1
89,,1
90,,1
91,,1
92,imgs/moped_6638dd69-bb3e-4f50-9a17-3bd4a0e59b22.jpg,1
93,imgs/moped_36fc9a8a-6dd8-4d3e-a302-98f164dca0d1.jpg,1
94,,1
95,imgs/moped_ea18d3e3-bebd-4f34-b0df-4a03f3fdebb3.jpg,1
96,imgs/moped_8fed0075-4b05-4573-8331-2595d9d4efbd.jpg,1
97,imgs/moped_b8bf2cf4-6a17-4b87-a855-8dc0b79dd9b5.jpg,1
98,imgs/moped_e23f2148-c80e-41c5-8b75-6f4b160c75c4.jpg,1
99,imgs/moped_e7f940cb-7d08-4447-aafa-e0a7c08fc908.jpg,1
100,imgs/moped_77dde1bb-2f56-453b-8e40-d6e82781978d.jpg,1
101,,1
102,imgs/moped_71a2e6ff-b651-431e-b119-bd29783a1fab.jpg,1
103,imgs/moped_7f2f3169-361a-47da-aa0b-728f044530e6.jpg,1
104,imgs/moped_27792ca7-8c53-4558-b11e-d14b6615b422.jpg,1
105,imgs/moped_f59c40f1-830f-42b7-bd33-a9d2b4db28aa.jpg,1
106,imgs/moped_1311d2e7-09d7-4ced-ac7d-aaa5fbc393ca.jpg,1
107,imgs/moped_2287629f-d43a-4f99-8a48-114f335aca9f.jpg,1
108,imgs/moped_f0f5ffb5-9aab-4f1f-b7a8-8048a6b3ea9f.jpg,1
109,imgs/moped_817e5387-efe8-454c-ac63-dbf02204d52f.jpg,1
110,imgs/moped_4be5667e-8766-49be-8033-9124092466da.jpg,1
111,,1
112,,1
113,imgs/moped_7461767c-f95b-404f-93b8-37b10c703818.jpg,1
114,imgs/moped_9ed14c62-ec92-4483-a3b6-67bb998d37f0.jpg,1
115,imgs/moped_4142705a-948b-44d5-9753-a64843bf51ac.jpg,1
116,imgs/moped_b55c3fee-0c00-4473-9307-c6fe5c6bf100.jpg,1
117,imgs/moped_e4385adf-16a7-49b5-ab82-9a39e8478896.jpg,1
118,imgs/moped_68fe3624-4029-438e-b9cd-4df3c3304230.jpg,1
119,,1
120,imgs/moped_4f7e1382-22a5-4e9e-af55-5db61fc3e596.jpg,1
121,imgs/moped_40ddfd58-b037-420a-9b0c-57c2ee248421.jpg,1
122,imgs/moped_457fbe54-b584-4ff1-b118-05e33412d371.jpg,1
123,imgs/moped_aa965259-1997-482a-9d0e-4745bf899488.jpg,1
124,,1
125,imgs/moped_c35ac9b6-d2d3-463e-a34a-89d3659a50b0.jpg,1
126,imgs/moped_f71d5199-ce67-4e47-aedc-5e76b04c23aa.jpg,1
127,imgs/moped_e52846b9-5923-4f26-8fe3-11e49f8b791f.jpg,1
128,,1
129,imgs/moped_2ddc0bff-15de-4ff8-8f1b-40bd0cf6ef5a.jpg,1
130,imgs/moped_2739164c-b95f-4bc1-9175-a4bdbc2477ba.jpg,1
131,imgs/moped_d59409cb-4649-4d54-a88d-f6a59a6abb63.jpg,1
132,imgs/moped_aafdcf68-7d06-42c6-bca5-09e8481347ea.jpg,1
133,imgs/moped_13dd9e38-463b-4765-8b5d-2c8f37f702df.jpg,1
134,,1
135,,1
136,,1
137,imgs/moped_8a0af38f-1e93-4a63-8e26-4b08e5cb7e88.jpg,1
138,imgs/moped_1f192029-eb03-4f66-b22b-04e3cd3ce454.jpg,1
139,,1
140,imgs/moped_0ab416c7-5360-4431-b43c-b4e85c20b848.jpg,1
141,imgs/moped_b03338c4-9c0c-4c51-9cd0-67fd96edcd34.jpg,1
142,imgs/moped_373d7d1d-c150-43ac-9830-c4ea1ce5dd88.jpg,1
143,imgs/moped_2c37d700-645b-426e-9285-9e95bb620ed5.jpg,1
144,imgs/moped_2e171b48-196a-4262-980a-ddf3dce05a00.jpg,1
145,imgs/moped_e4ba1f24-f733-4d3a-892b-d58d179dcd7d.jpg,1
146,imgs/moped_0948c1f8-0c8a-4244-90b0-08fceeae2622.jpg,1
147,imgs/moped_3f33fafe-0ccd-4aa8-a67c-21e91d55c460.jpg,1
148,imgs/moped_2fd8f4ed-7efd-46be-8eb7-e65daa290274.jpg,1
149,imgs/moped_29b35bb5-0add-4b48-8091-162ccbd32727.jpg,1
150,imgs/moped_e686603a-2adc-4ddb-b8c9-b1b11d2228ff.jpg,1
151,imgs/moped_29cfb747-1214-4db7-aa83-1277e1081384.jpg,1
152,imgs/moped_2a8d9c9e-e214-493a-a1af-c49f3d08bafb.jpg,1
153,imgs/moped_5e89a669-faf2-44c6-a6fe-9eaab2b86506.jpg,1
154,imgs/moped_a4a79e01-c469-415e-90a5-15a9a177a225.jpg,1
155,imgs/moped_ee93eb9b-5185-44a0-9b81-b99ce3df9de7.jpg,1
156,imgs/moped_d95ba431-62fe-4e8c-8bae-198cec09dad2.jpg,1
157,imgs/moped_35533804-5f5e-4cc2-bf0f-5665b572a828.jpg,1
158,imgs/moped_466feb89-757d-4e9b-8b49-925c0221187d.jpg,1
159,,1
160,imgs/moped_2d982793-ddfd-4dc3-b370-9b77ba58bced.jpg,1
161,imgs/moped_e2c005c6-2804-485b-b058-adf2752bee2b.jpg,1
162,imgs/moped_95c99a94-b707-4695-866e-23bc6a68138b.jpg,1
163,imgs/moped_0af63af2-cc20-456f-ba86-6a4a63491639.jpg,1
164,imgs/moped_79fabe04-e813-4e3a-b809-a79fbde6d6fb.jpg,1
165,imgs/moped_0315e535-b028-4bf7-aae2-ac16981ba98a.jpg,1
166,imgs/moped_7277bbd1-db90-46ab-a07b-287eb02d5c4d.jpg,1
167,imgs/moped_b0fd9f67-a947-4204-af66-0586e437359e.jpg,1
168,imgs/moped_1d32d912-8433-483d-a44f-f34dea630e78.jpg,1
169,imgs/moped_bc9f764b-99f4-46a4-8992-de96baf9082f.jpg,1
170,,1
171,imgs/moped_25e75182-d44f-42ab-b38e-6f4d0dfa7d24.jpg,1
172,,1
173,imgs/moped_4129d711-7be8-4573-b408-9ea183958a9e.jpg,1
174,imgs/moped_08a08631-47b7-4df9-be03-bf9359cbbf57.jpg,1
175,imgs/moped_7b0f5307-856d-4206-970d-ad935a8c6130.jpg,1
176,imgs/moped_a870a010-e1e7-417e-aca8-cc789695d6fa.jpg,1
177,,1
178,,1
179,imgs/moped_f58bffa6-159d-441b-9261-b5192e3691d7.jpg,1
180,imgs/moped_8cff222d-af18-45fc-9ae9-22a1545249fc.jpg,1
181,imgs/moped_b0e0b275-92a1-4f69-8b20-f918d0b9ccf8.jpg,1
182,imgs/moped_8cc49527-23e3-4096-817a-fb366acaef9d.jpg,1
183,imgs/moped_599e6ba9-bced-453c-86c4-4483981e33c6.jpg,1
184,imgs/moped_6d15feb9-53c5-457e-bc0c-7c5eb64c70c6.jpg,1
185,,1
186,imgs/moped_0a75f0c2-a2fd-404b-9757-2b9ff0333d32.jpg,1
187,imgs/moped_7f497730-480a-48c8-a323-ee0f4877b10c.jpg,1
188,imgs/moped_bad73bc0-4077-4f4d-b1ca-57d0e6d76e41.jpg,1
189,imgs/moped_b6cbafd9-67c3-4c02-b27a-9702a66e27c6.jpg,1
190,imgs/moped_64964e9d-a911-457a-bf94-238c60e39473.jpg,1
191,imgs/moped_aa88b69c-c0cd-4d49-b90e-28b960da92fd.jpg,1
192,imgs/moped_f739088b-bbac-44c1-b150-ac2ffc67c763.jpg,1
193,imgs/moped_882c5662-4df9-4267-91bd-ef4350f67159.jpg,1
194,,1
195,imgs/moped_ecd2798f-4530-4de1-90d5-4f46034bd9aa.jpg,1
196,imgs/moped_decce498-672d-48a1-8c79-930a4099d33e.jpg,1
197,imgs/moped_30391ac0-b625-428d-808c-42fbc967b376.jpg,1
198,imgs/moped_f95af38b-1f32-4b4f-bafc-8eaede442431.jpg,1
199,,1
200,imgs/moped_48bc63c0-ba3f-4975-a84f-e795dc736287.jpg,1
201,imgs/moped_30d92360-6f42-4560-a0f5-eb4870cad7e7.jpg,1
202,imgs/moped_17ceeb0d-8f2d-4899-b037-888c006c482e.jpg,1
203,imgs/moped_528bd700-8d04-41d2-a269-b99511952b1d.jpg,1
204,imgs/moped_0b521ab9-9909-42fe-a8a2-21bfe765c3d5.jpg,1
205,imgs/moped_b03f41be-230c-4144-a625-8e297bc6fe6a.jpg,1
206,imgs/moped_747d47c3-1b84-468d-b56c-8450a0c5e382.jpg,1
207,imgs/moped_38698d9e-94e8-44ce-94fe-9512a9d99fbe.jpg,1
208,imgs/moped_f97235d7-c92e-4e04-bd9f-003c8643193c.jpg,1
209,imgs/moped_2a678ee7-618f-43e9-ba74-11eee8eba1a6.jpg,1
210,,1
211,imgs/moped_ff509264-fefe-488f-afcf-89b3710a9846.jpg,1
212,imgs/moped_4b4acee6-950b-462c-8aee-7a5c0d3f72c7.jpg,1
213,imgs/moped_0396af59-4724-41e9-ade6-f67e6ac760dd.jpg,1
214,imgs/moped_fd4c2129-ce49-4b1c-a1e5-d05d25b861fb.jpg,1
215,,1
216,imgs/moped_662a18bc-da2e-468e-b032-a343b73aadc9.jpg,1
217,imgs/moped_be3da71a-9f2c-4980-8154-7a13dabc3b24.jpg,1
218,imgs/moped_77ed4e4a-6228-42c1-a427-47b66f80727f.jpg,1
219,imgs/moped_c1417b1d-315c-45f5-8d3e-aa05701cf801.jpg,1
220,imgs/moped_ad5c80a4-8931-4a91-bad5-e06e59206cca.jpg,1
221,,1
222,,1
223,imgs/moped_9d91449c-b396-47ca-94b2-1a560bfc55bb.jpg,1
224,imgs/moped_3869f0ab-50b0-41c0-ac76-a14b32d3b7bd.jpg,1
225,,1
226,imgs/moped_3bbd4530-446c-49c7-9201-361b87c2a61e.jpg,1
227,imgs/moped_5c2ef1f8-c600-4351-819b-4427be1e5176.jpg,1
228,imgs/moped_591c7f81-7b34-44fb-9b8a-a3c395e3c1c2.jpg,1
229,,1
230,imgs/moped_a2eb0ce6-b1d1-43d3-9ffd-6d707253357f.jpg,1
231,imgs/moped_693c9202-1ed3-4ac2-b678-4614739f7870.jpg,1
232,imgs/moped_1bc9b533-70ee-4e12-9376-ceb2682c76e7.jpg,1
233,imgs/moped_89c4ee4d-9dcf-4692-b88d-e0bdd87c8352.jpg,1
234,,1
235,imgs/moped_a9c324b1-e1d7-4af8-adb4-392c9dc3b761.jpg,1
236,imgs/moped_e551ad93-60e2-482a-a5e7-a28175351b4f.jpg,1
237,imgs/moped_28591788-ddb8-4453-86ec-7666c0eeeadb.jpg,1
238,imgs/moped_eef59dd9-1a59-4172-8d3d-3bbe76f6ee8d.jpg,1
239,imgs/moped_a34c47a4-e6d8-4f03-8e10-c38e7e06f61b.jpg,1
240,,1
241,,1
242,imgs/moped_53495ecd-8fbd-4794-b71c-c71503976ed7.jpg,1
243,,1
244,imgs/moped_1914dd8e-5f78-4c0f-b369-bfd8e73c1de0.jpg,1
245,imgs/moped_6796ebc6-45ab-4a4d-9766-2bfe08c5a080.jpg,1
246,,1
247,imgs/moped_5b311aed-5818-4a01-a034-68cfc4d6dc4d.jpg,1
248,imgs/moped_fadbee4b-3523-4c17-94b6-44b4cfa9a7d0.jpg,1
249,imgs/moped_529be550-dc80-465a-8990-f3b84681b3b3.jpg,1
250,imgs/moped_cab33f42-b44d-4244-92cc-3bba65d5b446.jpg,1
251,imgs/moped_ac01e222-d140-4d25-afd3-3fe3929a59f9.jpg,1
252,,1
253,,1
254,imgs/moped_31e9e69f-525b-4531-a0ef-033174d12784.jpg,1
255,imgs/moped_0aa5c658-fd87-4dc9-9ea2-3501c16d9a7d.jpg,1
256,imgs/moped_ffd4ecc5-41a9-4817-a8bf-090ca573b29d.jpg,1
257,imgs/moped_7e61e279-f970-4962-a7eb-898890aec406.jpg,1
258,imgs/moped_1c5143c9-5f36-4431-9959-9623d2645b0f.jpg,1
259,,1
260,imgs/moped_72578ada-c086-4acc-be07-93b8d02438c2.jpg,1
261,imgs/moped_096a7dd8-d627-4f7b-963d-776b6699e1f7.jpg,1
262,imgs/moped_33b76bcf-0e6e-4966-934e-feca54f36948.jpg,1
263,imgs/moped_a1bf110a-0874-4a88-bd49-93894c59fe0b.jpg,1
264,imgs/moped_87983899-1a7c-44b9-821d-ffc329e3dbfd.jpg,1
265,imgs/moped_b96d7668-142f-4383-983f-d4b545749856.jpg,1
266,imgs/moped_1a645ab6-d8b9-4829-b13b-87b9c1c1e3eb.jpg,1
267,imgs/moped_0c65f2dd-d7ea-4e23-8909-0fa0d36d4af6.jpg,1
268,imgs/moped_192d8508-9781-484c-b77f-f9bb096802e3.jpg,1
269,imgs/moped_82843e4b-c5cd-4ee4-acbd-801d85cc85b4.jpg,1
270,,1
271,imgs/moped_83030997-62b2-4c50-8f22-083ee78c7c0b.jpg,1
272,imgs/moped_05f8440b-2eff-4fe0-9257-b2b54f5014e7.jpg,1
273,imgs/moped_3fe7dfab-4508-419e-87e2-f9d8551a525a.jpg,1
274,imgs/moped_97cb61a9-084c-4aac-966b-796009979ead.jpg,1
275,imgs/moped_236d58ed-2a5a-4ac3-b8a4-2c0ce16d4bf0.jpg,1
276,imgs/moped_1fb0ac50-511a-4ba6-b520-e5ab278f077c.jpg,1
277,imgs/moped_185e17f0-4760-46ef-bf38-a03ec5b8c887.jpg,1
278,imgs/moped_e1f099b3-90d4-4c0a-abe2-e12a5828b2e6.jpg,1
279,imgs/moped_ec7d7698-ca8c-4b63-a984-adffd8c502fd.jpg,1
280,imgs/moped_51b4097a-ce47-49a0-b416-4415133a2b3d.jpg,1
281,imgs/moped_f280fd25-46a7-4267-94a6-29cb198872ba.jpg,1
282,imgs/moped_fab83e06-b11f-421c-b0e2-8e3dd461be84.jpg,1
283,imgs/moped_3539965e-5b8f-4b6a-8fab-7670e020f736.jpg,1
284,imgs/moped_4258f62d-ecc5-4eab-94f0-b3b1f00e70d3.jpg,1
285,imgs/moped_0cdd889c-f845-4496-989e-d29d278a4258.jpg,1
286,imgs/moped_2817fba0-ae1e-4f5e-9542-e0f8a1d09086.jpg,1
287,imgs/moped_3c80ff73-f00c-4edc-a6d7-d819468ad6b2.jpg,1
288,imgs/moped_feb92137-d910-43c8-8238-8cb7ba435e87.jpg,1
289,,1
290,imgs/moped_422b4205-ad7c-4c7f-a982-151f370985f1.jpg,1
291,imgs/moped_669a595b-0dfe-4ee0-b008-e63959533096.jpg,1
292,imgs/moped_df3fad26-36f7-47a0-8ad0-c6ab81cf49e6.jpg,1
293,imgs/moped_4bde6bf2-f7a6-4431-aaa0-74558b80c391.jpg,1
294,,1
295,imgs/moped_cfddb604-6adc-4365-b9f4-787e515fc332.jpg,1
296,imgs/moped_95e083f6-d84d-4920-97c5-1513fc0df464.jpg,1
297,,1
298,,1
299,,1
300,imgs/moped_fae1e580-8060-4801-9da1-b159571019ac.jpg,1
301,imgs/moped_9bc3ac43-5483-4d34-bd80-0c53bbf5ebb3.jpg,1
302,imgs/moped_64317cc7-aa53-40c8-b4b3-d0068328032c.jpg,1
303,,1
304,imgs/moped_e675a4a5-2237-4501-9bd5-15fe5e854bfb.jpg,1
305,imgs/moped_fa88ca62-7dd4-4a65-8d64-bb186a2bf0c0.jpg,1
306,imgs/moped_3637480c-e454-419b-ac42-12a1390434c3.jpg,1
307,,1
308,imgs/moped_3e2d9aa0-f6df-4558-9029-5cff5c1f9537.jpg,1
309,imgs/moped_c64ee6b6-66e0-40e6-93fb-b87b3e55e187.jpg,1
310,imgs/moped_eeb19b59-9d4a-42a4-9ca7-b5e6933ff636.jpg,1
311,imgs/moped_f8502bb6-0274-4ff1-af33-d42d983fa629.jpg,1
312,imgs/moped_ac2e7543-6743-4bf2-be77-9830680e1a5a.jpg,1
313,imgs/moped_a82ba1ef-d787-40a5-9a6d-609aa9bb4a64.jpg,1
314,,1
315,imgs/moped_54b9dda7-5c49-4c4b-9cd5-39d25e12ff2f.jpg,1
316,imgs/moped_26a429a6-c57e-48e5-a406-79e2532aacfe.jpg,1
317,imgs/moped_8290af11-1a67-4574-8e7e-2263f2d869d8.jpg,1
318,imgs/moped_dd19f352-eeb6-4fa6-aad1-8ce8ade624c1.jpg,1
319,imgs/moped_cafa4d00-d59b-446c-934f-6c9d75b4368a.jpg,1
320,imgs/moped_2318c0a6-48e9-4d4f-950c-63c52095dc1b.jpg,1
321,,1
322,imgs/moped_7c0e8a93-010c-4aeb-ba91-cf307f6e0dae.jpg,1
323,imgs/moped_c12f278a-0d33-4987-bfe8-f750f28d607a.jpg,1
324,,1
325,imgs/moped_e4669dbd-f1d2-444d-9879-f8d272d28b0a.jpg,1
326,imgs/moped_86f4f502-885b-41f7-aa15-8abaac555b56.jpg,1
327,imgs/moped_9d0bd5c7-70cc-4eee-a747-c6d80d7a7017.jpg,1
328,imgs/moped_e1b790dc-19a9-45df-a2df-a0740282dda4.jpg,1
329,imgs/moped_f8e8e028-3e24-4890-9f4c-39e3e14ce28a.jpg,1
330,imgs/moped_7f8dd250-90c2-4320-b93c-359c17411b3e.jpg,1
331,,1
332,imgs/moped_3f97dc45-b917-42cf-b14e-8955c1a6e6d8.jpg,1
333,imgs/moped_ec27039f-5bf8-4379-b340-660d3ce7fd89.jpg,1
334,imgs/moped_b5ff52a2-fd5b-44e1-80a3-d23765f7576a.jpg,1
335,imgs/moped_052481a9-c44f-4da6-946c-580df7cc3940.jpg,1
336,,1
337,,1
338,,1
339,imgs/moped_fb92c831-f3d5-4cfd-9e24-e9866974ab2a.jpg,1
340,imgs/moped_e5a65194-acc5-4553-999d-f5b1bb684472.jpg,1
341,imgs/moped_eeed29d1-6697-4d26-bddf-9a9d40e7203a.jpg,1
342,,1
343,,1
344,imgs/moped_97513d54-378d-41f8-baec-323b438cfd6e.jpg,1
345,imgs/moped_a1c9a8c4-8db6-4cb6-8b13-0f86de391298.jpg,1
346,imgs/moped_ace1e360-ea03-40cb-9a67-3206f2a5cc27.jpg,1
347,,1
348,,1
349,imgs/moped_84cc4a43-a9da-46f4-853d-68be62997220.jpg,1
350,imgs/moped_63094d14-edab-473f-a689-6ac321866a2c.jpg,1
351,imgs/moped_ab1d47ce-cac3-47d8-9d15-0dc51958e8fd.jpg,1
352,imgs/moped_89ae4fbb-1a92-4706-a5f4-733184ec9b52.jpg,1
353,imgs/moped_ae31ce0c-2a43-4bdc-8fa6-d3e44c6b1e04.jpg,1
354,,1
355,,1
356,,1
357,imgs/moped_283808f9-dfe5-464a-9e0b-76520b851816.jpg,1
358,imgs/moped_22f6e65f-a245-4cc8-bfe0-23153095812e.jpg,1
359,imgs/moped_e4c9f371-07b7-4a72-a611-63f0300424e2.jpg,1
360,imgs/moped_81f380da-96ae-4608-9657-4bab46f64bc5.jpg,1
361,imgs/moped_8f8d3e72-a5b4-4120-8adb-fbb40e79a9d0.jpg,1
362,,1
363,imgs/moped_260aa08f-675a-4f89-ae3b-8414f4286b7b.jpg,1
364,imgs/moped_c840ea8c-0cbb-4377-8f16-df7ee943dca7.jpg,1
365,imgs/moped_48f872da-3d5e-4038-9f88-0be1f1cbaa8c.jpg,1
366,imgs/moped_5f3cf0bd-96a1-4df3-abb7-8f13a9b15a73.jpg,1
367,imgs/moped_70f25fa4-9e5f-48f4-a6b5-a8ec61799720.jpg,1
368,imgs/moped_57f175b7-49ab-4a9c-8437-202ce23ef4cf.jpg,1
369,,1
370,,1
371,imgs/moped_328cf574-3092-4dd5-be61-ed606880d7c3.jpg,1
372,imgs/moped_7c6face8-ee6b-4ab5-b4de-eef5fe454ab5.jpg,1
373,,1
374,,1
375,,1
376,imgs/moped_2757a0e9-8e5c-4d6c-be39-e214b91a1f1b.jpg,1
377,,1
378,imgs/moped_269c1bbf-abcd-4d14-9825-643cdbf9d447.jpg,1
379,imgs/moped_8cb75bd2-20ff-4c70-a5e9-a6c03c8c8f88.jpg,1
380,,1
381,,1
382,imgs/moped_29e98b23-3c62-4ba3-93cd-b2b6efd91a19.jpg,1
383,,1
384,imgs/moped_2247b2a7-baf8-48cc-b6a9-80bbed9bf9bf.jpg,1
385,imgs/moped_7850fd0c-675a-4243-a5cf-553d2b00fbcc.jpg,1
386,,1
387,imgs/moped_d92ecf8a-8e27-4741-a4ed-1fda2e9ff6ca.jpg,1
388,imgs/moped_1c8bb7ea-cff1-41ed-b2d0-e05c9243b861.jpg,1
389,imgs/moped_e4dff8e4-16a2-4dfa-a07d-f280c19fa875.jpg,1
390,imgs/moped_00a4bd47-e28b-4c5e-9a15-937c82ea9a4d.jpg,1
391,,1
392,imgs/moped_d1a8eab5-8742-4efc-860b-1c9ec8d3ec68.jpg,1
393,,1
394,imgs/moped_5bcce72c-6928-49c5-9322-97c08f82cc43.jpg,1
395,imgs/moped_b03001b1-5f2b-4bdf-ba6c-c4bc4bc29d83.jpg,1
396,imgs/moped_e8947488-5f06-4c4f-b04d-b63c86fdb840.jpg,1
397,,1
398,imgs/moped_9c0dfa2a-bded-49dc-9c65-7d967bac60da.jpg,1
399,,1
400,,1
401,imgs/moped_e20efe14-dd8b-447a-857b-c868285612e5.jpg,1
402,imgs/moped_75bcdc70-ee52-4b15-ae37-5118f8ab2881.jpg,1
403,imgs/moped_5de0f490-c191-42a4-aabf-a96de4d6ca9c.jpg,1
404,imgs/moped_9f9844e2-8232-4092-89b7-fec58c380aa3.jpg,1
405,,1
406,imgs/moped_c7cb3ff1-a529-484c-9c4b-e36cf409d923.jpg,1
407,,1
408,,1
409,imgs/moped_e1fb20a1-6930-4531-857c-327a67e823c3.jpg,1
410,,1
411,imgs/moped_a317b0ee-f877-422a-9a6f-526cd1d6ae07.jpg,1
412,imgs/moped_5cd47766-67cc-4f3b-9116-f182d7a8d16a.jpg,1
413,imgs/moped_ce2b1df3-04cf-4350-8ebc-baf1f48f9f58.jpg,1
414,,1
415,imgs/moped_9b261383-0669-4cfe-afe0-b91d1fcde245.jpg,1
416,imgs/moped_e01f2afa-d32f-4dbd-8bf8-7b4b0c1ade45.jpg,1
417,imgs/moped_1af1b388-1fd2-4334-aca3-98740a5f3cd4.jpg,1
418,imgs/moped_1f507c25-c0a6-4385-bfef-4a546919dfdd.jpg,1
419,imgs/moped_01d1f2d0-8b32-4808-a643-c7e05d1fa517.jpg,1
420,imgs/moped_749cef4f-3545-47a4-983f-f6b5a87e750a.jpg,1
421,imgs/moped_22d6fd82-ee25-49bf-bc05-87b5632b9ad5.jpg,1
422,imgs/moped_c89a297b-701b-4a10-8425-94b9dbe8cdbe.jpg,1
423,imgs/moped_525a2932-d03c-407e-a909-204b2eaba6a6.jpg,1
424,imgs/moped_f8c7ba06-54d0-47b2-8a47-d7d3a3d32b23.jpg,1
425,,1
426,imgs/moped_02bd1eb3-1d29-4a7a-a868-1aa7ea3e2902.jpg,1
427,imgs/moped_8ea0c7fc-40a8-47b8-a9ab-7bda375c5b6f.jpg,1
428,imgs/moped_db7e0244-56c8-42fe-b1e0-7242ba9b529c.jpg,1
429,imgs/moped_793c5e54-8a6c-497f-a6c8-a924f03f4839.jpg,1
430,imgs/moped_b9a4a5a3-23fd-46bf-9bb9-1041d786c207.jpg,1
431,imgs/moped_52e16623-4fd9-4566-b641-76a79f7289fe.jpg,1
432,imgs/moped_091e679a-049a-47e9-b68c-fa023374d5bb.jpg,1
433,,1
434,,1
435,,1
436,imgs/moped_1b0df449-e6a9-4869-a8a5-2d9269c0ec89.jpg,1
437,imgs/moped_8d3aaea2-a26c-4329-a59f-bb6cf18f3de3.jpg,1
438,imgs/moped_43618ffa-7b73-4287-a2d6-2e45f6a3de48.jpg,1
439,imgs/moped_12869ee0-c853-449c-bcc0-6f7f478d715b.jpg,1
440,imgs/moped_ea8afb70-a471-40e3-8a6d-5814acd0e973.jpg,1
441,imgs/moped_1ee2e2ad-aaf5-4eb4-a345-cbda4c26a800.jpg,1
442,imgs/moped_6b17eedb-add9-43ed-9854-c81d252104ad.jpg,1
443,imgs/moped_e5d821bb-a3ff-4562-ba7e-9ce5e49e996b.jpg,1
444,imgs/moped_18502cca-27d9-4b25-bddc-f9b6df6c9126.jpg,1
445,imgs/moped_9c744beb-2af2-4aa3-8e7e-16e2bd40a1bc.jpg,1
446,imgs/moped_92122666-b1ee-4879-b2df-002d61c159aa.jpg,1
447,,1
448,imgs/moped_439951dc-e561-4ff6-9b00-3d1060a85e20.jpg,1
449,imgs/moped_6f764299-2eee-4cfd-abf7-ea4e4801abd8.jpg,1
450,imgs/moped_10a2cf10-7d51-423e-976c-f0b780863127.jpg,1
451,imgs/moped_dac21b74-d1b7-4fbc-b6c6-fe9a08fa4c27.jpg,1
452,imgs/moped_640fda1a-b694-483d-a31c-7f94482482c6.jpg,1
453,imgs/moped_5a27601c-bb4b-4fd6-b24a-01f272dd9566.jpg,1
454,imgs/moped_467cc342-ed0a-417b-8712-bc4200023a92.jpg,1
455,imgs/moped_67d39cbd-6f8d-4a7a-9c21-dce4d8032d8e.jpg,1
456,imgs/moped_d80895b5-87aa-4642-bb88-8b6c7123caf8.jpg,1
457,imgs/moped_1ba9a38f-f586-4b85-8a4d-b4c108b58e88.jpg,1
458,imgs/moped_c1e3650a-c526-426a-8d92-1ccf1624c385.jpg,1
459,imgs/moped_7690f328-7207-4625-bed2-1d7978ab3099.jpg,1
460,imgs/moped_1b2a8a54-72bd-41f9-a17e-ef65a42a4fc3.jpg,1
461,imgs/moped_1f535d28-4b27-4ab4-a96c-65768deb3a86.jpg,1
462,imgs/moped_72d8510c-cee2-4c70-9f1a-5e06c83411e0.jpg,1
463,imgs/moped_18b75c5c-d0a0-4c64-9dc6-a4a8aee174d0.jpg,1
464,imgs/moped_eed9e419-d519-4c42-8c22-cc6eacda029d.jpg,1
465,imgs/moped_1c1ce02f-bc76-4a2b-af4d-b2a587ee7cda.jpg,1
466,imgs/moped_fbafe133-080c-44ef-bb33-895e8b83fa98.jpg,1
467,imgs/moped_0c0e0606-7c40-4774-8184-e10d6a456e0d.jpg,1
468,imgs/moped_1cca45a8-f959-4e50-baca-5b0c267ec4b2.jpg,1
469,imgs/moped_254a83e3-b2d9-4bc0-ad44-a842df3daebe.jpg,1
470,imgs/moped_e6cefe53-5cab-4a89-a037-bff081913124.jpg,1
471,imgs/moped_22f5f21b-5343-4f01-85b4-d806e8f5bd4f.jpg,1
472,,1
473,imgs/moped_270a5769-f5b5-44a0-b6a3-1cd7a92d8c9c.jpg,1
474,imgs/moped_290c8f8c-9267-4f97-9e86-fb78658040d5.jpg,1
475,imgs/moped_e6d782fb-f78a-43d4-8788-bd3c62a5cfd2.jpg,1
476,imgs/moped_a37652bb-d1a9-4655-bb78-bcf06e9c5264.jpg,1
477,imgs/moped_eca48312-40fd-4cea-b82a-a636329153ec.jpg,1
478,imgs/moped_217b5df4-bcf2-4799-9e29-1b0e19312e4c.jpg,1
479,,1
480,imgs/moped_405e4e2b-6d90-4b2b-8313-61eaefad4d61.jpg,1
481,imgs/moped_1b1adc5d-671d-42d9-bb51-bc0377195835.jpg,1
482,imgs/moped_8dc4523e-2bac-49c0-9477-2735c25c1f73.jpg,1
483,imgs/moped_718afe94-759d-44c2-b25d-87943908b245.jpg,1
484,imgs/moped_3b564780-c103-4568-b6ce-79f3f72c8d3c.jpg,1
485,imgs/moped_2a02d50f-a9fa-4406-bc8a-6ceaa8a2a53a.jpg,1
486,,1
487,imgs/moped_e7d69d2b-8ca5-4498-aa15-9e5acdbf9d44.jpg,1
488,imgs/moped_90489bd8-db63-478e-a742-e1411a86c26e.jpg,1
489,imgs/moped_419b7fa2-2d89-4aa8-a53e-abbcdd775b47.jpg,1
490,imgs/moped_04100ba1-57bf-4f44-9c87-e83b3f6d4539.jpg,1
491,imgs/moped_989318e9-7a78-4f22-98e9-89f2495c3f3c.jpg,1
492,imgs/moped_5a897571-26d0-4287-8d67-4a7578650660.jpg,1
493,imgs/moped_4fec4e2c-dee7-4c8d-8d82-1a915af51db4.jpg,1
494,imgs/moped_8576f39a-1589-40d4-84ab-e05db03c3b99.jpg,1
495,imgs/moped_377f7293-7594-49fa-b2f0-6030d8cb2984.jpg,1
496,imgs/moped_6d87720b-55da-4ae6-bf60-cc965dcb64ba.jpg,1
497,imgs/moped_ef5adef0-aef4-413d-9944-ed086f6f509f.jpg,1
498,imgs/moped_ab6b21d0-fc97-42ac-8c68-a23966bd862e.jpg,1
499,imgs/moped_06df3bf7-7d4f-45b1-8510-2998c59e9e73.jpg,1
500,imgs/moped_c2a6d551-5416-4da4-9745-c281809a0505.jpg,1
501,imgs/moped_54f02bf6-4470-4edd-b042-d47c1b6e66b5.jpg,1
502,,1
503,imgs/moped_ceb7cf90-ca4b-4a02-b031-179038aa470e.jpg,1
504,imgs/moped_a8334367-504a-47f7-88cb-eefb889da012.jpg,1
505,imgs/moped_db0506c1-a7c5-466b-bf9f-ea474d71c21b.jpg,1
506,imgs/moped_8349ee79-002c-43ba-a5df-079e2108b741.jpg,1
507,,1
508,imgs/moped_b0d0ce3c-e02b-475f-9432-bcc6b813f5b5.jpg,1
509,imgs/moped_4e886459-45f1-41fa-8118-41a2f9746707.jpg,1
510,imgs/moped_decb0337-2b49-4b22-85b0-49273b1f7eee.jpg,1
511,imgs/moped_c03dbb56-4217-4364-937b-43d7abc25a21.jpg,1
512,imgs/moped_0a9b65ab-d51e-46ab-a12c-d543d501bc12.jpg,1
513,,1
514,,1
515,imgs/moped_69573ba9-9fb5-4dfd-8ff4-522d0b418db8.jpg,1
516,,1
517,imgs/moped_e5688c81-df49-461c-9349-9ae185544240.jpg,1
518,imgs/moped_6befbad5-fa25-40e8-94eb-6381aa81a562.jpg,1
519,imgs/moped_148fdb4b-d145-4453-b353-2f9aac89176d.jpg,1
520,imgs/moped_6848bdc3-e62f-492d-a607-e81951a2423f.jpg,1
521,imgs/moped_ff33d702-c259-4519-9cc2-b227274a7e3c.jpg,1
522,,1
523,,1
524,,1
525,,1
526,imgs/moped_b3bf783e-e902-4fe6-a313-6dc7d81bda1c.jpg,1
527,imgs/moped_9eefc901-d79f-4106-9bdc-4028c8ae7cf8.jpg,1
528,,1
529,imgs/moped_9c627f01-afa0-4838-be00-9a7941316d48.jpg,1
530,imgs/moped_e06e5791-8206-4982-b59c-7d336972c03e.jpg,1
531,imgs/moped_fcfcf52f-de09-4de4-b134-986ee50b826e.jpg,1
532,imgs/moped_ba4686a7-1870-4591-a1d2-ca800d00ff7d.jpg,1
533,imgs/moped_620d95ea-09ce-41e4-bd7a-144508fa94f5.jpg,1
534,,1
535,imgs/moped_36a7f31a-e4d4-46a4-926c-5f935e07f427.jpg,1
536,imgs/moped_577ef402-3d71-4ca4-b5f3-4b9d12fff102.jpg,1
537,imgs/moped_6752106c-2fff-47cd-8e6b-498f49926d64.jpg,1
538,imgs/moped_056793d0-fd14-4946-aa80-97add939b7a7.jpg,1
539,imgs/moped_356c4cea-943f-4f05-a2a0-331d1ef1b4c2.jpg,1
540,,1
541,imgs/moped_a4e131b5-e310-4b73-a8c0-a3dce4e72fd1.jpg,1
542,imgs/moped_f2b857e8-b75f-488a-888a-1a33961fb16f.jpg,1
543,imgs/moped_1d1a6255-72c6-4e32-a63f-177f98b11865.jpg,1
544,,1
545,imgs/moped_7b0c0026-8383-4a4e-8d9e-312c6762e450.jpg,1
546,imgs/moped_f045f236-d205-4d26-91c5-b7d18b0a8c9b.jpg,1
547,,1
548,imgs/moped_446e0f3c-320f-497a-918c-dd221fccfb38.jpg,1
549,imgs/moped_0b396d19-8fb1-4ded-90b4-93174a6c21e5.jpg,1
550,imgs/moped_60e8ed08-5f61-4227-abd4-6177d08b126b.jpg,1
551,imgs/moped_b16fa2d8-e566-468b-9887-27e5921539b6.jpg,1
552,imgs/moped_99a0025f-e038-4fd9-bbd4-f0fa24481a0a.jpg,1
553,,1
554,imgs/moped_e641a5ce-d673-40ef-b9d5-bc5b1f5a6e9b.jpg,1
555,imgs/moped_e452570e-38b2-4311-bade-38fb1ba77468.jpg,1
556,imgs/moped_4a4404de-3d77-413a-a2f9-608760dcba86.jpg,1
557,imgs/moped_655c002c-e2cb-40a6-8485-0c436b63174a.jpg,1
558,imgs/moped_ff9c6d5b-bcbe-4607-9ada-74d7fb13b653.jpg,1
559,imgs/moped_58e78c28-c79c-4b3f-815f-24c143fe3842.jpg,1
560,imgs/moped_000d71bc-331d-4db8-81fd-29a5d951f83f.jpg,1
561,imgs/moped_1cdc1ff0-739a-48bf-8c9c-617f665191de.jpg,1
562,imgs/moped_af2d9c0d-5426-4b98-b871-f5b83cc23618.jpg,1
563,imgs/moped_925d04aa-12e8-4831-afed-beb13abb88fc.jpg,1
564,imgs/moped_7dacc79c-7f05-41a7-b64e-b8962dd5dde6.jpg,1
565,,1
566,imgs/moped_574960f8-e2a4-457a-b1d1-d4d436226aa0.jpg,1
567,imgs/moped_f39dfa54-0cf0-4b82-bde5-b646456a1ad0.jpg,1
568,imgs/moped_ba9cd17d-1f10-4672-82bf-dbee3cfb2b3e.jpg,1
569,imgs/moped_19693754-0ebd-4368-89b2-a0047f871bfb.jpg,1
570,imgs/moped_0535c9f0-6347-46c5-82cc-46c9ad4a5530.jpg,1
571,imgs/moped_4a0a8a30-3b01-41f9-9625-a56778c51295.jpg,1
572,imgs/moped_423d8263-5dd5-4835-b7a5-dd9a29930a62.jpg,1
573,imgs/moped_4db9c540-1778-44af-9236-8814f685c59f.jpg,1
574,,1
575,,1
576,imgs/moped_dc79fc83-e174-4f93-b1e1-d81e647cb7fa.jpg,1
577,imgs/moped_a78cb90c-8348-4ce4-948a-7050444ed59d.jpg,1
578,imgs/moped_20fc7e56-c5ea-4153-8af1-70c6435df37d.jpg,1
579,imgs/moped_34326005-bc78-4f62-b2fa-34dfd69fda15.jpg,1
580,imgs/moped_84fc571f-1cbc-4aea-8096-41fb6d281d2c.jpg,1
581,imgs/moped_d5304760-5009-45a3-a087-1f4997202125.jpg,1
582,imgs/moped_3cf05806-88d0-42f2-8503-e1ac34b88c61.jpg,1
583,imgs/moped_b1d42d87-61dd-47f9-a041-f2cc3043bfcb.jpg,1
584,imgs/moped_ace77394-698e-4357-9f55-a4f5dce1cb25.jpg,1
585,,1
586,imgs/moped_88708ec4-b85f-4f05-8f79-15ad3c832f4b.jpg,1
587,imgs/moped_c6bfe074-7c81-49d6-8d90-a2486f2f1b94.jpg,1
588,,1
589,,1
590,,1
591,imgs/moped_4c11e42b-1a17-42e3-9064-29bcf3d40ece.jpg,1
592,,1
593,imgs/moped_f1edd04c-ac6d-4b85-a189-db009087f4bc.jpg,1
594,imgs/moped_222f04f1-01f7-42ab-ad56-f0f011a85129.jpg,1
595,imgs/moped_dfa0af9b-d402-41ff-94b6-8001a2cd4409.jpg,1
596,imgs/moped_df1ddd89-d689-40a9-bbbd-ad9baeca29f1.jpg,1
597,imgs/moped_79afc19d-86b5-4dd6-9f7c-ea95ce4db93b.jpg,1
598,,1
599,imgs/moped_493a480c-1e01-4c68-baeb-b5760d997968.jpg,1
600,imgs/moped_fe0a35b0-e3e8-44de-a777-13760b5ba0c2.jpg,1
601,imgs/moped_90bb3729-e1ee-4b9d-8e5a-a751dec72fd6.jpg,1
602,,1
603,imgs/moped_188c4a56-7291-4efa-8369-e18c6bf75671.jpg,1
604,imgs/moped_33f5503a-38ea-445b-9f80-b013188aebd2.jpg,1
605,imgs/moped_c0553e34-3ca1-43e1-9f4f-96f53c4d4104.jpg,1
606,imgs/moped_2a5c5569-2d68-4607-b9bb-1bdb654f24fd.jpg,1
607,,1
608,imgs/moped_80c099da-fe64-4656-a0d2-5efb5e2a1831.jpg,1
609,imgs/moped_664f1b20-5e96-4053-a409-90b8ab09ad42.jpg,1
610,,1
611,imgs/moped_7d6ccd30-e0e7-4ae6-8c23-1d54518344f5.jpg,1
612,imgs/moped_977b2d82-ea3f-4597-9a49-f0326904ce30.jpg,1
613,imgs/moped_724fb3a6-009c-49a3-b349-4355af06ab6c.jpg,1
614,,1
615,,1
616,,1
617,imgs/moped_4cea8309-6736-4514-8ff4-8ffe2063cb8a.jpg,1
618,imgs/moped_a2b879de-b550-4497-8f25-e4d2e3e7d8ef.jpg,1
619,,1
620,imgs/moped_c0bfac4a-1041-4164-a3ae-e9dc215f5728.jpg,1
621,imgs/moped_538810e2-445e-471d-b007-72cc6b6f2126.jpg,1
622,,1
623,imgs/moped_40e0147c-389d-468f-a7bb-d0ecb7727d0e.jpg,1
624,imgs/moped_a6bd9b68-2a07-44b0-9a0d-4d8e9768fb31.jpg,1
625,imgs/moped_b550f574-b183-46fc-96a1-801cfae679ed.jpg,1
626,imgs/moped_6fab4e47-a746-4874-852e-23b0ec41bd88.jpg,1
627,imgs/moped_5baa05ce-42ce-4111-89fb-bd0ad7717f95.jpg,1
628,,1
629,imgs/moped_16ec7ffc-c78b-46cb-a33c-db3764b1762b.jpg,1
630,,1
631,imgs/moped_7a12b8b4-ba8b-4910-a6b9-5510d4810040.jpg,1
632,imgs/moped_4496f4c0-e509-4989-8345-d238be67c4cd.jpg,1
633,imgs/moped_8bbffa6d-f3f6-415f-8a4f-91c74a621ea8.jpg,1
634,imgs/moped_bc2696a3-5972-43ca-a6db-665711cdd759.jpg,1
635,imgs/moped_dfbb5c13-e553-4c51-862c-e84e0b618208.jpg,1
636,imgs/moped_899c006c-7120-4ce9-a9b2-5b5009f6ca18.jpg,1
637,imgs/moped_f5dc266a-63ed-4dc7-90a5-89e66fa43be4.jpg,1
638,imgs/moped_333b7df1-55e7-405a-8a5b-069b098aad06.jpg,1
639,imgs/moped_567dbb3b-47ac-43c8-a7b5-dc668ac33b47.jpg,1
640,,1
641,imgs/moped_3cb434cf-5162-44b1-8e99-50d87d3eb75e.jpg,1
642,imgs/moped_6c41106b-f949-4109-9ee7-df34bc7b0716.jpg,1
643,,1
644,imgs/moped_0e9a60d4-0234-44be-9190-d549eee12796.jpg,1
645,imgs/moped_7d5838de-d383-4349-ac62-201fdd0d60ba.jpg,1
646,imgs/moped_d6b725b8-4870-4425-8e09-a2a3237c8219.jpg,1
647,imgs/moped_e3c769cc-63bf-4a29-8667-bb583405d5a8.jpg,1
648,imgs/moped_f829a835-1559-4009-ad21-7dd493d247b9.jpg,1
649,imgs/moped_98a2b267-db6e-4663-b026-48eb120084b3.jpg,1
650,,1
651,imgs/moped_fda3d217-4345-405c-8035-fe7b8ed4715c.jpg,1
652,imgs/moped_46b95bcc-7089-45d4-a177-3419538633a9.jpg,1
653,imgs/moped_12bdaa2f-821e-4e06-aec3-eeb41b2d8b9f.jpg,1
654,imgs/moped_46ed5840-4e02-432b-8b94-dad516ce2830.jpg,1
655,imgs/moped_5054eef1-650a-498d-9ef2-123cdc74b26f.jpg,1
656,imgs/moped_d201048b-50b7-4fad-bc7f-2320e3173e7f.jpg,1
657,imgs/moped_8fe3cf1e-f702-4b52-b4c2-85324b042783.jpg,1
658,imgs/moped_8074eeff-ae35-49ec-8e06-ea4f0de63920.jpg,1
659,imgs/moped_9c6fb9fa-8d6c-4ad4-9686-5696a35af32d.jpg,1
660,,1
661,imgs/moped_8cc4e13b-0510-4ef0-9a49-a7f0f5ec3bff.jpg,1
662,,1
663,imgs/moped_e3e8f76c-5d40-4ec9-a2e6-c6d474a195bd.jpg,1
664,,1
665,imgs/moped_1f6b0d28-7f23-49ea-841d-2628eca52a1b.jpg,1
666,imgs/moped_f8a27a71-0735-46c2-b1f7-364b24d3e3ca.jpg,1
667,imgs/moped_c9255d06-e2c8-4193-bd02-e1c920828ba5.jpg,1
668,imgs/moped_95d58346-a7b8-46f2-80ec-54a976cc1e76.jpg,1
669,imgs/moped_6e24b3e8-62e8-4903-9ac6-47ea64b237a5.jpg,1
670,imgs/moped_d4efe800-5e6c-42cf-93ec-f341a1d36131.jpg,1
671,imgs/moped_a7213654-a110-4d46-8509-a79b9b1754ec.jpg,1
672,,1
673,imgs/moped_0722f67c-c738-4628-8298-907f6b7ee2f6.jpg,1
674,imgs/moped_f3f0466e-1b28-4376-b5df-dbf8c40e6a8b.jpg,1
675,,1
676,,1
677,imgs/moped_31a345f2-0ffa-4be3-9e81-898e348a4867.jpg,1
678,imgs/moped_9f13b8ce-6704-4b5f-aa22-4fb7378eb92a.jpg,1
679,,1
680,,1
681,imgs/moped_cf57d509-a343-49ab-a8a3-1d28ac9121fc.jpg,1
682,,1
683,,1
684,imgs/moped_30bce379-6694-4c9c-a41f-1024a28c9139.jpg,1
685,imgs/moped_514d75c2-4dc5-4e41-a89e-ca191f12b59d.jpg,1
686,imgs/moped_11bed5d6-fb67-4861-a57f-d5457e56ade1.jpg,1
687,,1
688,imgs/moped_824385dd-b56d-4d9b-b4fc-84716219fbd3.jpg,1
689,imgs/moped_0cb05dca-c5b4-444e-a671-75b6d078580b.jpg,1
690,,1
691,imgs/moped_91ea426f-52cf-49d6-9576-0459dd742f30.jpg,1
692,,1
693,,1
694,imgs/moped_531fa325-6800-4de8-b98d-4b010c44822c.jpg,1
695,imgs/moped_af83e113-df7f-4481-9adc-a555217dcd09.jpg,1
696,,1
697,,1
698,imgs/moped_7dc4ff3f-fe30-442b-ace6-3ffa4f6361ed.jpg,1
699,,1
700,imgs/moped_940c69c7-93d9-4415-8a96-f4792bc37a52.jpg,1
701,imgs/moped_c445e5e0-e474-409f-8145-28a643a44c78.jpg,1
702,imgs/moped_7489728a-3000-4439-a557-2391bae6cc09.jpg,1
703,,1
704,imgs/moped_892efacf-9776-4715-9b87-109824201b0d.jpg,1
705,imgs/moped_6ae1a17d-afe6-4e10-864b-4809c60fc8bd.jpg,1
706,,1
707,,1
708,imgs/moped_e76be955-8703-4029-8e29-1c83b00cf91b.jpg,1
709,imgs/moped_56ff2f54-e8ec-4c8b-9d4f-a0f42b371e30.jpg,1
710,imgs/moped_991adacc-f421-421d-a0f1-ef9c493aeed4.jpg,1
711,imgs/moped_2379e016-2198-47af-98d1-e64ce23488be.jpg,1
712,imgs/moped_ea5de96a-bf4c-41b3-a25c-aaa06a06135b.jpg,1
713,imgs/moped_84640d42-5c69-48b5-ae78-9a0b52e219cc.jpg,1
714,,1
715,imgs/moped_ac9029a6-5d0f-45fb-8c27-deacb693a548.jpg,1
716,imgs/moped_4a74c33e-de4a-43f1-9379-721432ca8b97.jpg,1
717,,1
718,imgs/moped_c10a0659-25e7-48ab-a924-784e2637627b.jpg,1
719,imgs/moped_fb34ed1d-d436-4263-8320-2ab95a524eb4.jpg,1
720,imgs/moped_0ff137f0-9f19-43f0-a712-57a361b94b1c.jpg,1
721,imgs/moped_f0491435-628f-48c9-85dc-26d1af34b5d5.jpg,1
722,imgs/moped_967eced3-6a5b-458c-bad0-de16847651e1.jpg,1
723,,1
724,imgs/moped_c7e587f0-032a-4a4d-8e7d-32d660e0c56e.jpg,1
725,imgs/moped_1fb7a255-723d-4bee-bca4-e025e0bbf0f4.jpg,1
726,imgs/moped_f12ace62-2b4f-4002-9897-ca583f00fac4.jpg,1
727,imgs/moped_533a165a-b8fc-47a6-9630-5b6e342b005f.jpg,1
728,imgs/moped_28e35097-62ca-4362-a6ea-cf412b4a58e6.jpg,1
729,imgs/moped_383682b6-6d19-483c-bf51-a27505fd6511.jpg,1
730,,1
731,imgs/moped_a436f5be-4f27-4e0c-965a-bb526bd351fd.jpg,1
732,imgs/moped_40573458-f482-48f7-8265-c2790c8edd55.jpg,1
733,imgs/moped_af0fce90-6985-4cc5-a813-c767c85359bd.jpg,1
734,imgs/moped_fd6b7d04-f455-4cd3-ab83-5edea24cd12d.jpg,1
735,imgs/moped_cfc7dd27-3387-490e-8b56-848d32a61842.jpg,1
736,imgs/moped_965bdfbd-cbfc-4a5a-96f6-84e7ffc95189.jpg,1
737,,1
738,imgs/moped_5133c2cd-d298-4659-9ca9-0725bfebfda8.jpg,1
739,,1
740,imgs/moped_71daa459-af74-4625-bdfb-dc34905c6718.jpg,1
741,imgs/moped_b0df5e81-e9b0-48d6-b57f-b3c8a78aab4e.jpg,1
742,imgs/moped_db69d0f2-f45b-4486-b10e-a2d6308975ee.jpg,1
743,imgs/moped_5f4a331b-f9ce-4415-b871-ccfc278c7b9b.jpg,1
744,imgs/moped_f4c53756-7fe6-4524-b78d-130e67ff921a.jpg,1
745,imgs/moped_1c2af8e5-af2c-4170-ad7f-af719b04bd74.jpg,1
746,imgs/moped_146806dd-9387-4cb0-acb7-029877b374c1.jpg,1
747,imgs/moped_4d4c5db0-7d0f-47e8-b95b-42db6d4b5376.jpg,1
748,imgs/moped_3c2b1273-dadb-487e-b2f0-164e2959ef86.jpg,1
749,imgs/moped_47760978-cba9-4cca-bbae-7372facd39a7.jpg,1
750,imgs/moped_d23b13d0-979d-4678-83f8-a8284546d8f1.jpg,1
751,imgs/moped_66635db7-41a6-4768-a736-d50ff99f9c55.jpg,1
752,,1
753,imgs/moped_257227eb-5da3-499e-beb3-25728a246c53.jpg,1
754,imgs/moped_e134e204-7dc6-4c0c-9dda-b5362060841a.jpg,1
755,imgs/moped_0076fc72-9cf2-4c95-8268-5a43994c7bc3.jpg,1
756,,1
757,imgs/moped_87e5e083-4746-4ad8-b45b-2c63c9b43776.jpg,1
758,imgs/moped_7cc5a704-0e7a-47ef-838a-3e7b24971303.jpg,1
759,,1
760,imgs/moped_c6e54c25-bf5d-40d6-ba96-43f8d5b4faa4.jpg,1
761,,1
762,imgs/moped_7eadb403-0c6a-4656-b344-3040c55f4834.jpg,1
763,imgs/moped_d7963269-7164-49dd-8d4d-da792bc6f3e1.jpg,1
764,imgs/moped_f6740881-0a81-43a3-8a7a-51aac54cd5c1.jpg,1
765,imgs/moped_d15e82c8-9520-4cca-bf76-b1ce34de1323.jpg,1
766,,1
767,imgs/moped_121e2303-bdba-4cf0-b3b8-66683f84c862.jpg,1
768,,1
769,imgs/moped_75d3eba7-e9a5-42b2-9eef-4768e2cba516.jpg,1
770,imgs/moped_2d892229-ce7c-47be-984a-396f1bb9b6b6.jpg,1
771,imgs/moped_0609a728-e9ac-4e1a-a2c8-c79a91231212.jpg,1
772,,1
773,,1
774,imgs/moped_ef59d43d-8ddf-4fdf-88f6-c62f2ef24c67.jpg,1
775,imgs/moped_517baff4-eb87-4a26-a479-1cc95963cfff.jpg,1
776,imgs/moped_19cb6073-9691-4c13-9b67-4bed703d5699.jpg,1
777,imgs/moped_a4021a28-97de-4e14-a77f-31b1d857f223.jpg,1
778,imgs/moped_0b5baeca-4a6b-4376-984c-1fb38ef94f84.jpg,1
779,imgs/moped_40dfc1a5-8874-4e04-a4bc-a2515c8c45d9.jpg,1
780,imgs/moped_c4ea3075-f57e-4605-8508-4feaf1ea5ec8.jpg,1
781,imgs/moped_66d10d63-6ee5-43c5-8ceb-d19a7b218da5.jpg,1
782,imgs/moped_4e5aee7d-b210-4b2f-9025-8d1b91918ae1.jpg,1
783,imgs/moped_b6e46d92-bd37-47b7-a8d3-108dbc954488.jpg,1
784,imgs/moped_891bf55c-7d60-4a86-8bb7-051956f01aaa.jpg,1
785,imgs/moped_8021730a-9f93-4eab-b8a9-068c0540808b.jpg,1
786,,1
787,,1
788,imgs/moped_2664973e-bd2d-45a9-8d48-fa0ce7434f9b.jpg,1
789,imgs/moped_4de66307-db7f-4916-9847-07db9fc0aca7.jpg,1
790,imgs/moped_f1174aca-8af6-4d33-8bb7-a0da6d2dc1cb.jpg,1
791,,1
792,imgs/moped_c63b8039-4f44-47ae-a734-eeac450d3986.jpg,1
793,,1
794,imgs/moped_48b02a77-c284-4b1d-837d-7e0d5d3dbdf6.jpg,1
795,imgs/moped_715f908f-3cd5-4203-b202-97488b4e81aa.jpg,1
796,,1
797,imgs/moped_15d1cad3-276b-461b-9c9b-0e7c8e99a7a1.jpg,1
798,,1
799,,1
800,,1
801,imgs/moped_80726af1-9d09-4887-a803-d1beab2046b9.jpg,1
802,imgs/moped_61132bbe-4705-4737-a836-a4bd431526cb.jpg,1
803,imgs/moped_078f0d83-7747-41cb-adb9-4b349247974f.jpg,1
804,,1
805,imgs/moped_714006ef-18c3-4d71-9d6b-3ab0269765aa.jpg,1
806,imgs/moped_142127aa-73ed-454e-9470-8a8939d54c11.jpg,1
807,,1
808,imgs/moped_cebe233c-0f82-4333-a9de-40e995485d9d.jpg,1
809,imgs/moped_06462954-cac5-48c8-89f4-be886f749985.jpg,1
810,,1
811,imgs/moped_f017d52e-c93f-4925-a73e-9f588c1d44a8.jpg,1
812,imgs/moped_fc911ed8-c9fe-44ae-9812-d4f213d094e3.jpg,1
813,,1
814,,1
815,imgs/moped_00f4bac9-de27-4bf7-9687-127621963c1d.jpg,1
816,imgs/moped_5d2fb2b6-7662-4944-b391-8879daf4116f.jpg,1
817,imgs/moped_099927ca-b1f1-4d1e-b7e3-ce97ba2ca2c8.jpg,1
818,imgs/moped_1f72555b-e121-4dff-96cb-a9734c9fb840.jpg,1
819,imgs/moped_ff9b7ede-b3a5-4b9a-b7d8-57b6cc98ae42.jpg,1
820,imgs/moped_4f0cb206-fc9e-40cb-a6d7-3969e0812504.jpg,1
821,imgs/moped_c96b1973-bee0-4ac4-a3e6-344fe09c4424.jpg,1
822,imgs/moped_8edf256a-de4d-45ce-9cb1-72085f3eea42.jpg,1
823,imgs/moped_d113f06e-7412-4e8c-9311-1c6540a6717d.jpg,1
824,imgs/moped_f82547b8-3764-4f2e-b21b-fdc7c8970ce4.jpg,1
825,imgs/moped_34244e63-80a3-4553-b579-a39a9e673bf6.jpg,1
826,imgs/moped_ff07829f-1f66-4f20-a2ec-b22c998ed1c4.jpg,1
827,imgs/moped_2008d585-0b90-4c26-8e6b-1cbe3d6a7e90.jpg,1
828,imgs/moped_61edeeba-955c-4ac1-b454-66bbe857acd6.jpg,1
829,imgs/moped_fde73858-ed00-43f9-9dc6-77db56922832.jpg,1
830,,1
831,imgs/moped_92892113-668d-40d0-b23c-79e11fe3027a.jpg,1
832,imgs/moped_e64baa46-8b60-4062-bff2-5aebd7a5b6e2.jpg,1
833,imgs/moped_64b68a2b-5229-43ac-8cba-0189821db55e.jpg,1
834,imgs/moped_bda3789d-fc74-4af5-b0be-16f6b632ccdf.jpg,1
835,imgs/moped_4fa9c7ca-429d-4e95-94d0-f41e9689ad94.jpg,1
836,imgs/moped_91f50831-1924-43c8-92e9-b9dbf941a9e9.jpg,1
837,imgs/moped_110b30f2-feb6-4e97-b54c-9d4196dea448.jpg,1
838,,1
839,imgs/moped_040c0539-ae34-48b2-a779-f83bf7b2645d.jpg,1
840,imgs/moped_ef3eca5e-81c3-4465-8ecb-fdf224c6ac85.jpg,1
841,imgs/moped_2a20de0a-d67b-46f3-9fbe-310bac34ab71.jpg,1
842,imgs/moped_9ea92f56-9962-439f-8c6b-e6341f951f36.jpg,1
843,imgs/moped_c089c384-d33e-4d22-9adb-12c80b9df084.jpg,1
844,imgs/moped_875356a4-d818-4057-866f-876b4f84a235.jpg,1
845,,1
846,imgs/moped_92e584c6-db1e-4d6a-9272-23cf0da50916.jpg,1
847,imgs/moped_3b44afd0-138c-43f9-8a3c-f4ca9d70c329.jpg,1
848,imgs/moped_bc7ac843-8fa1-4dce-859c-7717bd6a2ba1.jpg,1
849,imgs/moped_0b307a35-1279-488c-a95e-b0f81a4a00d3.jpg,1
850,imgs/moped_81087bc2-e18d-4b01-ac10-ad78c56e3b15.jpg,1
851,imgs/moped_80420740-1a74-43cc-ab89-c61d8c5bda97.jpg,1
852,,1
853,imgs/moped_918eb104-6815-4093-aee4-e5efafd9a5e8.jpg,1
854,imgs/moped_c879c5fa-1e24-4f71-973c-41444ec24ec0.jpg,1
855,imgs/moped_c74545d5-24be-4c24-8ff1-54d9b5b305bc.jpg,1
856,imgs/moped_c6deb15e-56a9-4fb7-bc65-9883a746d000.jpg,1
857,imgs/moped_c2e5c117-8e86-4599-b945-be4a616c6b5e.jpg,1
858,imgs/moped_7578c5cf-6eae-43bc-a97a-b2f0baf35509.jpg,1
859,imgs/moped_46f8202c-74d1-4b81-b687-72dac08061ce.jpg,1
860,imgs/moped_6307949b-8bf8-404c-9118-0ab03a30f1c9.jpg,1
861,imgs/moped_2b329672-f97d-43ca-8aab-fcf0a7488940.jpg,1
862,imgs/moped_8bfe98d9-4eed-47fe-adca-ee73e2057497.jpg,1
863,imgs/moped_6ca6b28a-df81-42e0-8996-6bd66a75c02f.jpg,1
864,imgs/moped_93a2e3b4-753f-4562-960c-911f72429f2e.jpg,1
865,imgs/moped_9326271a-5e15-4834-b3bb-073603e658e4.jpg,1
866,imgs/moped_192df882-6ca6-4615-aef4-af6e4cb49714.jpg,1
867,imgs/moped_d79136e7-85f5-478a-9de8-68484f5428cd.jpg,1
868,imgs/moped_7bbb35cb-ef8d-4371-b619-395cf6017067.jpg,1
869,imgs/moped_acb4b1fe-de40-4838-9b7d-7f446447ca04.jpg,1
870,imgs/moped_2d42cac8-b1a8-433e-9dd3-cecae492c052.jpg,1
871,,1
872,imgs/moped_ca06cd88-cae4-4804-bea2-237df11a99d7.jpg,1
873,imgs/moped_4be900e9-9aaf-446b-80e6-98baf16c566b.jpg,1
874,,1
875,imgs/moped_179d8e20-cbdd-4f89-9cf6-31ff661dca67.jpg,1
876,imgs/moped_3f58fcab-3b57-49be-89be-b529f1f056bb.jpg,1
877,,1
878,imgs/moped_2f70179d-2896-4713-a794-01dac9eb73b6.jpg,1
879,imgs/moped_fa7a7174-233b-46b6-a9e8-2dd89639ac43.jpg,1
880,imgs/moped_38b4c54e-4656-400a-a2c6-a2019bf7e25b.jpg,1
881,imgs/moped_c5356e0c-46ad-47ff-be22-784370a045e0.jpg,1
882,imgs/moped_5679d063-769d-4b27-bd8a-6d653bc650e3.jpg,1
883,imgs/moped_543bdae2-a72a-45cb-b0fd-b71acf9d497d.jpg,1
884,imgs/moped_bc0c4d5b-562f-48d8-bb63-6e8f8b9f2639.jpg,1
885,,1
886,imgs/moped_9ea81c54-e684-401c-8296-0368ab77c87c.jpg,1
887,,1
888,imgs/moped_c48457a9-cf64-45a2-aa03-7028db1bb286.jpg,1
889,imgs/moped_ee551faf-0718-4798-97ab-892b726c1d42.jpg,1
890,,1
891,imgs/moped_b394019d-8cf3-48c5-9995-54d3e9f184f8.jpg,1
892,imgs/moped_0992c543-25c5-4028-9a6c-c821a180cada.jpg,1
893,,1
894,imgs/moped_3ca46b91-19a8-4b4c-a5ec-c14350162dd6.jpg,1
895,imgs/moped_73e71637-371f-4d04-98be-29dd089ebc71.jpg,1
896,imgs/moped_b597dbfe-25db-4a12-835a-96410010b03f.jpg,1
897,imgs/moped_7b987e3e-78dd-441c-b613-6b88373b6449.jpg,1
898,imgs/moped_eabfbe38-b3b4-48a1-99d0-e79ded31b15e.jpg,1
899,imgs/moped_10bc8334-6d1b-4ba3-909d-07a753bb7758.jpg,1
900,imgs/moped_184b441c-d6ba-4e17-a781-7ce9c8d024aa.jpg,1
901,imgs/moped_b4e4d976-a48c-438f-b9b7-47f8fd01d890.jpg,1
902,imgs/moped_01749731-6dc8-4b17-9007-a1b3f9c3f8d6.jpg,1
903,imgs/moped_563c1e0e-f848-4472-94c8-2969d176b23e.jpg,1
904,imgs/moped_576d3e73-2524-470f-9923-08ae55152cc0.jpg,1
905,imgs/moped_a24f18d2-0613-469a-9514-6aa457fb8016.jpg,1
906,imgs/moped_9649f948-ce09-4473-b33b-1376f80472f5.jpg,1
907,,1
908,imgs/moped_4a2305ac-3815-4ecf-a317-d0c926640391.jpg,1
909,imgs/moped_1bf0f24b-6c1d-4277-8e6a-e9fd632072fb.jpg,1
910,,1
911,imgs/moped_52a9530e-4439-47b4-9df6-81d68b1a3c71.jpg,1
912,imgs/moped_f7f9526b-3679-401a-bc93-ccd67fafe024.jpg,1
913,,1
914,imgs/moped_669de11e-933c-4ee0-9eeb-3dc6eb77cad1.jpg,1
915,imgs/moped_7b284653-89bf-48d3-ab8e-b1638a0853cb.jpg,1
916,imgs/moped_68b9a191-419d-419b-85b2-b8e0d0341433.jpg,1
917,imgs/moped_fe9d6f6b-2e80-4148-a36a-0f1a26f695b1.jpg,1
918,imgs/moped_ec8b1782-9e4d-4f3e-9e0a-3924821ab3f0.jpg,1
919,imgs/moped_dff77204-4af1-4f78-8ff4-64d969275046.jpg,1
920,imgs/moped_55e45145-820c-43c0-85eb-5754c0ec192f.jpg,1
921,imgs/moped_615b056f-08a5-4aa6-82aa-c5744b1be366.jpg,1
922,imgs/moped_e6944461-9959-4550-a2bf-fbac4118ade6.jpg,1
923,,1
924,imgs/moped_4d2cf009-b703-4e11-93a2-f5a3bdf1c263.jpg,1
925,imgs/moped_4c1e2e35-c30d-4fc5-82fd-3872ba377b7d.jpg,1
926,imgs/moped_955f9d5f-a611-40b2-9310-6ae99dbfaa8b.jpg,1
927,imgs/moped_b575c20f-073b-454f-a33a-b4edded68f72.jpg,1
928,imgs/moped_f348fd76-9d72-47dc-83aa-4bb6986d4edf.jpg,1
929,imgs/moped_539d8196-95be-4d64-89e5-02dd466b9092.jpg,1
930,,1
931,imgs/moped_da825d4a-a9b6-4807-b42b-f0ef6b2a2ba7.jpg,1
932,imgs/moped_163de6ff-360c-4ce1-8235-3c7140e55e24.jpg,1
933,imgs/moped_a272b76d-dbca-4a81-91ad-247f0d4f965f.jpg,1
934,,1
935,imgs/moped_73170971-0a5f-40b3-8d7f-675c22c18b74.jpg,1
936,,1
937,imgs/moped_34af1a3b-d7ed-499a-903d-dfc770108c9b.jpg,1
938,imgs/moped_18c196ac-8f09-4a9a-b0c3-fa0b5f079acc.jpg,1
939,imgs/moped_4afcde53-0e02-46fa-8ec8-243d7ea95e3a.jpg,1
940,,1
941,imgs/moped_b85838b0-cb33-40e3-b63c-916c116814b7.jpg,1
942,,1
943,imgs/moped_dd925827-32da-4037-a327-db25b7b41b91.jpg,1
944,imgs/moped_7abd382f-9d45-4135-8ed2-44666a868e92.jpg,1
945,imgs/moped_2a9742cb-c94c-40ae-8ce9-be7976f40e6d.jpg,1
946,,1
947,imgs/moped_0662c312-d613-4cb9-bbfb-7a897c7f2a5e.jpg,1
948,imgs/moped_25ff9ab5-3bab-44e2-a61e-186da8a3a22a.jpg,1
949,imgs/moped_a549206a-d773-46a8-9001-cd5dd0c0feaa.jpg,1
950,,1
951,imgs/moped_b8764b70-a871-4644-a644-e882ab837e79.jpg,1
952,imgs/moped_5a472eaf-b454-4ed1-8e63-0b69ccb0910a.jpg,1
953,imgs/moped_a99cd2a1-dc2f-40b8-96a7-e4aff05d7b0e.jpg,1
954,imgs/moped_e7467b16-e38e-4a9d-a567-d6af65792f2f.jpg,1
955,imgs/moped_4ba16bc1-bfd9-46da-911b-0add22aa6125.jpg,1
956,imgs/moped_a74a3aee-50d2-4f2a-b1fd-43675e503949.jpg,1
957,imgs/moped_6266bbaa-3e5f-41f6-8f13-eb3df5b36a04.jpg,1
958,imgs/moped_9e4559bb-ce78-4d31-906b-e90d8a4306c6.jpg,1
959,imgs/moped_5b2ccc7b-0481-4eac-8139-4a40e3d563dd.jpg,1
960,imgs/moped_0cb52286-1f18-4335-9725-4d24c728c405.jpg,1
961,imgs/moped_dba81b8f-ac3b-4603-8eaf-5d29fab0e656.jpg,1
962,imgs/moped_abb28002-9edd-4f28-9902-e8aa4baf3fdc.jpg,1
963,imgs/moped_1c8e078a-2be2-4d74-9249-93afa9d511c4.jpg,1
964,imgs/moped_1bd65807-b0c7-4e7b-9b8f-e2aac851d076.jpg,1
965,imgs/moped_a52089c3-a7a5-4393-895b-e3fd78a9c9c2.jpg,1
966,,1
967,imgs/moped_36a37165-4454-42e4-8458-7e224617024d.jpg,1
968,imgs/moped_5bbd2337-0579-4c04-93bd-111314a52477.jpg,1
969,imgs/moped_ae7eaf6f-e089-40f9-9b28-bdb66975cd15.jpg,1
970,,1
971,imgs/moped_9dc5e116-ae98-489e-92d6-9501efe356ab.jpg,1
972,imgs/moped_7cbc585a-4cd0-4a7b-a920-8efbe6b28a4e.jpg,1
973,imgs/moped_0a61dbad-a836-4776-b496-e4880416778c.jpg,1
974,imgs/moped_403c9da7-5bd1-461c-9008-05394add6a6c.jpg,1
975,imgs/moped_a8f040a8-7b79-421c-8a87-ce1e61dc1da1.jpg,1
976,imgs/moped_d5894694-588d-4c1a-ae60-2c1bde221372.jpg,1
977,imgs/moped_f9123f6c-c549-4e45-a632-b77ed4add71f.jpg,1
978,imgs/moped_25ac8511-bd75-4ce8-ba2a-76d30bcfbfb6.jpg,1
979,imgs/moped_c286a71f-7c9f-4d43-8b92-d171a8a9f004.jpg,1
980,,1
981,imgs/moped_d2374432-9616-40a9-bf4a-5bfad9e79283.jpg,1
982,imgs/moped_37a89aed-7243-42d1-9686-cf9eacdc3e3c.jpg,1
983,,1
984,imgs/moped_2308b91a-2d66-4a0a-b50b-7967c4af7f5e.jpg,1
985,imgs/moped_139e00b9-e93a-4656-bc60-51c9b3734608.jpg,1
986,imgs/moped_50232d5c-e2a8-4406-9ee1-828e191dfdd0.jpg,1
987,imgs/moped_20b5dc3e-0526-4fc0-a1e2-d69e734069e1.jpg,1
988,imgs/moped_5108b5ab-d892-4b5e-840b-34e143bcb35b.jpg,1
989,,1
990,imgs/moped_88bd9b5e-9f1f-4f66-b486-981d3320e58a.jpg,1
991,imgs/moped_fec6c223-af23-4732-b452-d01273f68e1b.jpg,1
992,imgs/moped_b2e97f21-a8fd-4ab7-b02e-25dc2dea8ed0.jpg,1
993,,1
994,imgs/moped_e0b8d7d5-1b2e-46b7-bf25-c1af40a5e452.jpg,1
995,imgs/moped_b033e6d1-35c4-400b-8476-6f734e2480d4.jpg,1
996,imgs/moped_f193bde8-704b-44d4-9e71-f651450a1f26.jpg,1
997,imgs/moped_7b756962-21bb-4eef-a8ee-f87ab83fd348.jpg,1
998,imgs/moped_cf1bb516-1aec-4e36-8f48-c900623a86fd.jpg,1
999,,1
1000,imgs/moped_f18a328b-bffb-487c-b01f-657573de2429.jpg,1
1001,imgs/moped_fd176932-c546-4ff8-afb7-f989a7fcdfd7.jpg,1
1002,imgs/moped_82e1fa5e-9314-4e23-83a2-4bbc594810e9.jpg,1
1003,,1
1004,imgs/moped_5453b412-3d0d-497c-811d-9f12af515545.jpg,1
1005,imgs/moped_d4e42d10-3f99-4ffc-a859-828739552fd0.jpg,1
1006,,1
1007,imgs/moped_5828c5c1-1f5d-4f38-99b8-29b4a0dd4a17.jpg,1
1008,imgs/moped_4b00f84e-6934-4539-baff-2e98f6672855.jpg,1
1009,imgs/moped_21ce53b2-bb93-414f-9cc1-b9a478995986.jpg,1
1010,imgs/moped_5d9e0e65-5ac5-448e-8aae-e4eed453de6a.jpg,1
1011,imgs/moped_70984238-2971-4c54-b3ea-9b9d35eb0d43.jpg,1
1012,,1
1013,imgs/moped_9b6124da-83df-4e72-847b-66614f0c2aea.jpg,1
1014,,1
1015,imgs/moped_1b912b6a-4320-42a3-9b70-4c55d8fa65b0.jpg,1
1016,imgs/moped_86c1d7f9-4aaf-4fbb-8cdb-4b67cec16f60.jpg,1
1017,,1
1018,,1
1019,imgs/moped_6b62754c-c91a-42b2-9d78-52ea42e069c3.jpg,1
1020,imgs/moped_eaa13e28-1ea7-41a5-8964-31d91a01950e.jpg,1
1021,,1
1022,,1
1023,,1
1024,imgs/moped_d4458f3a-43be-4062-ac6f-9cc052f913a0.jpg,1
1025,imgs/moped_130b1afa-d080-45f6-8e5c-317e6de854f4.jpg,1
1026,imgs/moped_326b882b-f713-4fba-9bae-74341cb11b16.jpg,1
1027,imgs/moped_1efe63ea-e78a-46c4-adc9-25c99b99b6ac.jpg,1
1028,imgs/moped_909e2a4f-c665-43c9-9daf-5ab2ca83a645.jpg,1
1029,imgs/moped_b5f96d25-fcce-4bb8-b966-daeac1c1cde1.jpg,1
1030,imgs/moped_df0ee361-2470-4178-9e5b-2e99098a0937.jpg,1
1031,imgs/moped_2d4822cb-f6bb-4a14-b216-133e6686fbe8.jpg,1
1032,imgs/moped_f07e8f15-2c3e-46c6-a51c-ebe1f90aa0e3.jpg,1
1033,imgs/moped_41d9994f-5af3-424d-a905-673a065e7e70.jpg,1
1034,imgs/moped_2b4c29dc-3077-4e0a-b547-34ec301afeae.jpg,1
1035,,1
1036,imgs/moped_16640d23-6a6a-4785-893d-7114ccacd7b6.jpg,1
1037,imgs/moped_e011c273-b828-49fb-bcfa-e2329176ef67.jpg,1
1038,imgs/moped_ea465e66-94d0-45ac-964b-de96d6abb914.jpg,1
1039,,1
1040,imgs/moped_dab410aa-7cad-4457-b331-de2161a53473.jpg,1
1041,imgs/moped_ca231149-b36b-494a-9331-9c148279513f.jpg,1
1042,imgs/moped_12bf691c-0e8d-4ea9-815a-cef31b6a01a0.jpg,1
1043,,1
1044,imgs/moped_fde518c1-d849-4c94-ac9d-01bfe85cbbe4.jpg,1
1045,imgs/moped_772b9445-618b-4fa1-ba3e-4a99838f9733.jpg,1
1046,imgs/moped_17ad9e17-32c9-406c-a67d-fa97e48bb796.jpg,1
1047,imgs/moped_6e0f7319-e014-40af-b7b0-0102de7d1e4f.jpg,1
1048,imgs/moped_18532838-e981-4d3f-ae51-6fffd2904949.jpg,1
1049,imgs/moped_8c92968c-c227-47d8-a318-a8eaa5b11426.jpg,1
1050,imgs/moped_f9e57ee3-1b28-4de6-b55b-98a8817c2739.jpg,1
1051,imgs/moped_d94a9098-98c7-4840-ab6b-a576b047cbf4.jpg,1
1052,imgs/moped_2d8ee8c0-1581-4211-a21c-2428ad14f150.jpg,1
1053,imgs/moped_31ddd27f-16ba-4269-ac60-13946a10e572.jpg,1
1054,,1
1055,,1
1056,imgs/moped_abe67016-86d1-4253-9e23-289244fe3b7c.jpg,1
1057,imgs/moped_0b0cbf2d-2ff6-41f3-807d-e4e8939ed953.jpg,1
1058,,1
1059,imgs/moped_92feb298-428b-480a-9f02-e6ec36fe3dea.jpg,1
1060,,1
1061,imgs/moped_f4b91e46-85c2-471e-936e-8b39e0e98e54.jpg,1
1062,,1
1063,,1
1064,,1
1065,imgs/moped_207c0fdf-11ee-495d-b27b-43b87028c3c8.jpg,1
1066,imgs/moped_2099119b-1570-4a64-91da-63ab520d633c.jpg,1
1067,imgs/moped_d932844a-4b0f-4cf7-a847-bd4c229d8b59.jpg,1
1068,imgs/moped_266d0728-ac95-4531-a049-767add889083.jpg,1
1069,imgs/moped_5d67007a-7d10-4f3a-af8b-562594962e21.jpg,1
1070,imgs/moped_d7ae58cf-c4a7-41b7-81c4-12bba7298fd4.jpg,1
1071,,1
1072,,1
1073,,1
1074,imgs/moped_85a3f68b-d701-488d-9dee-f7f071a9b7a2.jpg,1
1075,imgs/moped_9888367b-19da-45f3-aed9-768ccb6ad383.jpg,1
1076,imgs/moped_158f68da-697a-453a-9614-0ec9ca092b3c.jpg,1
1077,imgs/moped_700f87c0-040e-45fe-9018-54567b52c87e.jpg,1
1078,imgs/moped_606b5adc-429d-4fca-b476-6cb9c6bb22d4.jpg,1
1079,imgs/moped_e7d4758b-38a8-4d22-bd14-3fbbd276bc26.jpg,1
1080,,1
1081,imgs/moped_fa61db7d-4956-4455-9052-9f8ef8b684bb.jpg,1
1082,,1
1083,imgs/moped_8025eae5-54c6-4762-9ad1-383a7b1cc3fe.jpg,1
1084,imgs/moped_6a630d23-294a-4a82-9ac4-64895f4f545f.jpg,1
1085,imgs/moped_770a4135-a131-4abf-a263-9f2c29b84080.jpg,1
1086,imgs/moped_e7746a5b-c1db-48e1-a726-b4174bcf205a.jpg,1
1087,imgs/moped_1fc75a87-42bc-4ffd-ac8a-d3756273e2b4.jpg,1
1088,imgs/moped_358a6ed7-dbdf-4024-8dde-df64a46ae2b0.jpg,1
1089,imgs/moped_8b0febf7-9459-420e-8248-ac80d02ee562.jpg,1
1090,imgs/moped_a3bcdeb7-9710-4d74-8c1c-a9c4ee74959a.jpg,1
1091,imgs/moped_bdd79ce8-126d-4e3e-8aaa-2aad36d570df.jpg,1
1092,imgs/moped_4789a9b3-8568-4819-9c94-42a65c474b3e.jpg,1
1093,imgs/moped_c525b62c-32ba-48d4-95f0-6c6b0a5fd52f.jpg,1
1094,imgs/moped_30e99807-ae72-4988-89b9-30b7359976c7.jpg,1
1095,imgs/moped_24a5d1d0-d444-4080-952d-fc87898bfc3d.jpg,1
1096,imgs/moped_c5038ff3-2c73-4eef-98da-660e23b205c0.jpg,1
1097,imgs/moped_3147e327-fc74-4003-8f31-579e213695c6.jpg,1
1098,imgs/moped_9f22f986-7c26-40d5-b57b-3131d056e69b.jpg,1
1099,imgs/moped_0b064ec6-e1b1-48bc-94ae-274577769c71.jpg,1
1100,imgs/moped_a492e72f-e85d-4a84-baa6-1e6925b74f92.jpg,1
1101,imgs/moped_925de7a2-2501-4499-9c60-a07c6be62654.jpg,1
1102,imgs/moped_da743fcd-0fcf-4799-93fa-5863c899d73d.jpg,1
1103,imgs/moped_8b111e35-2e56-4b7f-9ce5-c0701dbcd9dd.jpg,1
1104,imgs/moped_3220b1df-330e-4e05-a2e1-cee51ca7f89e.jpg,1
1105,imgs/moped_363f8549-9ab1-4f12-bb8e-5e8956b72c0a.jpg,1
1106,imgs/moped_4cdea40b-55b1-4cd3-a967-6a362521cb92.jpg,1
1107,imgs/moped_2c4e482a-e4dd-4257-a31e-66fb96762620.jpg,1
1108,,1
1109,imgs/moped_da6f7bb6-b6ee-4b10-a187-3659e7975fea.jpg,1
1110,,1
1111,imgs/moped_3236667e-d899-4bc1-a225-a258a3e9708e.jpg,1
1112,imgs/moped_72ef55a7-04c1-48aa-b44f-12cdcc05e78e.jpg,1
1113,imgs/moped_3295bce8-dea9-4472-9d12-00816deb6748.jpg,1
1114,imgs/moped_75c18507-d3b7-4150-98cb-634d09d3bc20.jpg,1
1115,imgs/moped_7707d826-dbaa-4157-b630-26192f6326a6.jpg,1
1116,imgs/moped_83dff0da-7279-4267-9506-7f7b56580e5d.jpg,1
1117,,1
1118,imgs/moped_dc42a19d-1b96-4c66-a8a0-17adf1197c97.jpg,1
1119,imgs/moped_acbcd972-ea0d-4fa4-a2ed-ba30c48b666d.jpg,1
1120,imgs/moped_58613d96-2e19-46a1-a6fd-72c47b7abaeb.jpg,1
1121,,1
1122,,1
1123,imgs/moped_e9ac4181-4d6e-4aa7-8910-231a9644d863.jpg,1
1124,,1
1125,imgs/moped_9fa1fa00-e227-4968-8410-591f0038c585.jpg,1
1126,imgs/moped_2b92d009-9dd7-4d8f-bdc1-f2938f4f9c55.jpg,1
1127,,1
1128,imgs/moped_37854e55-21de-43a6-a368-e5df4632d966.jpg,1
1129,imgs/moped_bb8f80cb-9f92-4f01-b259-2e93b015b55c.jpg,1
1130,imgs/moped_f1698329-59d0-4c2c-bffe-b4bb4649f4f5.jpg,1
1131,imgs/moped_0a5a2b7b-3e57-4078-887e-b2a4bdf2f30a.jpg,1
1132,,1
1133,imgs/moped_ebd37f2b-63af-47c9-a4dc-9d1975a7152a.jpg,1
1134,imgs/moped_647dc9c1-c481-4756-be42-0dbb0f0b2954.jpg,1
1135,imgs/moped_c61b8697-649c-4cfd-8655-871445a28332.jpg,1
1136,imgs/moped_ab7e0fff-f8a2-45d2-b69d-a76768095ccc.jpg,1
1137,imgs/moped_f1f48316-de51-4f37-98db-74cc3aa9f26e.jpg,1
1138,imgs/moped_e109de60-7110-412c-bfa4-634afd3e2a9e.jpg,1
1139,imgs/moped_d0fbcc3f-b517-445b-8f71-1e8cd590a946.jpg,1
1140,imgs/moped_f0bc7c14-6246-41b6-9004-2a98ef785257.jpg,1
1141,imgs/moped_65aff4ab-d47d-46cd-91df-8b975cd3d37a.jpg,1
1142,imgs/moped_077bd4cc-3080-44b5-865f-f709a1187e92.jpg,1
1143,imgs/moped_9e44d8b7-7b0e-47b4-a096-75d4bb4d1cd4.jpg,1
1144,imgs/moped_a20c5071-1ade-4261-a682-cdc1c3a6a253.jpg,1
1145,,1
1146,imgs/moped_69d67016-da1e-493b-a424-b8dd9cc88613.jpg,1
1147,,1
1148,imgs/moped_123bc4ed-6983-4fdc-bf79-890a4ed7aa42.jpg,1
1149,,1
1150,imgs/moped_4fef6cf8-77cb-4f1b-b403-c88b43a444d9.jpg,1
1151,imgs/moped_254fc7b4-1b35-4f4d-aeaf-d17f67d85625.jpg,1
1152,imgs/moped_e6f0484c-7f66-4911-8cc5-522611d79adc.jpg,1
1153,imgs/moped_20a86dd7-5352-40b0-8e19-7a6db6ca66f8.jpg,1
1154,imgs/moped_1bddacfb-80cb-41b1-b537-c87d9b320404.jpg,1
1155,imgs/moped_7f05e5f1-85b5-4678-b249-f6dcb73b5126.jpg,1
1156,imgs/moped_44abad5e-d3b9-42c0-ad59-8a718a9424fa.jpg,1
1157,,1
1158,,1
1159,imgs/moped_b43a569f-5fb1-4275-bd49-2d1859688d8d.jpg,1
1160,imgs/moped_ae7b8b57-f55e-4951-8b41-fcf1dc5ce383.jpg,1
1161,imgs/moped_b7f8d0a2-3824-43c3-a416-b0c5b0c1bc12.jpg,1
1162,imgs/moped_4b28115f-26ac-4e41-aac8-e5f93eb9ffd9.jpg,1
1163,,1
1164,imgs/moped_7145f8e6-168e-4c6d-88c9-e0ab94155875.jpg,1
1165,imgs/moped_d31df100-098c-4fd7-ae98-6b0571ac0618.jpg,1
1166,imgs/moped_e30df201-c58a-4e49-8ca6-be9abc77d654.jpg,1
1167,imgs/moped_bf47da16-bea7-48dc-a9a4-b5c0d2a05f30.jpg,1
1168,imgs/moped_33f39f32-3a59-4434-a4e6-70f5b6208f96.jpg,1
1169,imgs/moped_9ed7642d-f750-4dd9-9f00-8b8070de545c.jpg,1
1170,imgs/moped_93b0ee53-1071-4eff-83c3-bbc66c64ea83.jpg,1
1171,imgs/moped_133cd20f-fbfc-4fb3-9027-cbdb1b85fce3.jpg,1
1172,imgs/moped_dd4db471-09e0-46ad-8eb2-a606e5eef5e8.jpg,1
1173,imgs/moped_dee017b9-26dc-4c56-8f14-079c3928be49.jpg,1
1174,imgs/moped_9526d0ff-9361-49c7-bd8a-2eb060bd32d0.jpg,1
1175,imgs/moped_eba69066-be9f-4701-bcc3-522f2f55175e.jpg,1
1176,imgs/moped_e45c2b0e-bb9a-4c6a-9a4e-3e6c79fcb1ba.jpg,1
1177,imgs/moped_c9b6f1a0-5406-42ee-9999-8082f0854c45.jpg,1
1178,,1
1179,,1
1180,imgs/moped_259f78a7-acfd-4184-beca-35fdf5a328be.jpg,1
1181,imgs/moped_a63854e4-7a99-4efd-853d-f24bc219fafa.jpg,1
1182,imgs/moped_cb5898c9-055e-40ea-b5e7-85880ca6c9bb.jpg,1
1183,,1
1184,imgs/moped_d6e0484b-3e29-4afa-825a-e52195940ee6.jpg,1
1185,,1
1186,,1
1187,,1
1188,imgs/moped_1e98b51b-ae10-4027-be98-854f9b5f5922.jpg,1
1189,,1
1190,imgs/moped_13043182-c001-4a80-94c0-7d8fdf9a6ff2.jpg,1
1191,imgs/moped_b038c22e-d89b-4bb3-b5bf-f171379a78a8.jpg,1
1192,imgs/moped_7bb0b595-b74a-4239-bd66-0d38a6b73269.jpg,1
1193,imgs/moped_7e0ae4ad-45bf-4991-ae53-45bba8815dc6.jpg,1
1194,,1
1195,imgs/moped_3736bfbe-37c0-4a81-b5c3-0166f7db3e64.jpg,1
1196,imgs/moped_dd9d99ed-c178-43ee-8fa6-691f42f8acf8.jpg,1
1197,,1
1198,imgs/moped_e0706b59-3b97-4f17-9c70-ac0f0aa26722.jpg,1
1199,imgs/moped_b4f93302-8d37-4a4e-b071-b20ccef68398.jpg,1
1200,,1
1201,,1
1202,imgs/moped_0e9302b2-32dc-4441-9e8d-2d9f10bf58d4.jpg,1
1203,imgs/moped_8e7ef02d-9fe2-46eb-b0a4-401628d0b970.jpg,1
1204,,1
1205,imgs/moped_778e4455-3b10-4f2d-9356-66877247bded.jpg,1
1206,imgs/moped_55e5a538-cdd9-43d3-a566-df157a57dc8d.jpg,1
1207,,1
1208,,1
1209,imgs/moped_68c19b7a-86d3-43b0-ac77-05b1dcf214e6.jpg,1
1210,,1
1211,imgs/moped_23b23be5-d833-4a65-b74b-512db9ed66b2.jpg,1
1212,imgs/moped_929cd295-4323-41a4-ab4a-ece5d5807124.jpg,1
1213,imgs/moped_f19de14f-9015-4ab8-84cd-d36d154960fe.jpg,1
1214,imgs/moped_5c954984-f090-4181-b0ae-ea4b0138dcae.jpg,1
1215,imgs/moped_f824f9a2-b902-45a9-bae4-b6477ad344ab.jpg,1
1216,imgs/moped_ff209f8a-6677-4311-a264-2014857a4cd7.jpg,1
1217,imgs/moped_c834ef5e-6c3d-4210-af5f-3d79555fb33c.jpg,1
1218,imgs/moped_ec1ae50a-0f87-468e-ad26-959b7934f127.jpg,1
1219,imgs/moped_eee7a88f-ee0c-4447-b004-2248bc2484ca.jpg,1
1220,imgs/moped_84641c29-046f-4058-b111-4ec3c3f5b74c.jpg,1
1221,imgs/moped_c933a94f-5d71-41d9-9bf3-84618478e2c0.jpg,1
1222,imgs/moped_ca6bd727-7f28-46ad-b86d-a26039bdaf3c.jpg,1
1223,imgs/moped_5e600cbf-6c69-461a-b3af-137f45d73cbd.jpg,1
1224,imgs/moped_8faeb1ff-ccae-4e15-bb0f-5083522709d6.jpg,1
1225,,1
1226,imgs/moped_3af1f758-d7a9-4c68-8f7d-38451d4af647.jpg,1
1227,,1
1228,imgs/moped_ad8ca647-9325-450c-b60f-7d4e20193e1a.jpg,1
1229,imgs/moped_4be072e4-ebbe-4975-9a2a-a28eb23eccc3.jpg,1
1230,imgs/moped_69452d6d-999a-45af-9165-e34e02c9e872.jpg,1
1231,imgs/moped_85708ea2-3ff1-44ab-9f73-d58fad4f4b73.jpg,1
1232,,1
1233,,1
1234,imgs/moped_029aa4cc-7686-4a28-8346-6d162be51fe7.jpg,1
1235,,1
1236,imgs/moped_fffca45b-fe34-4df6-82c0-9d1a439d6f6f.jpg,1
1237,imgs/moped_37889673-476d-4e01-9824-1a108242a5d1.jpg,1
1238,imgs/moped_c1585536-7c22-462f-94b4-db9e41194f23.jpg,1
1239,imgs/moped_b810bc36-43d4-4409-9c07-0d101b2b6b5e.jpg,1
1240,imgs/moped_8eda340a-8548-4809-b8ae-795698ce4fa8.jpg,1
1241,imgs/moped_304aa6a4-6178-4cd7-8038-c9357bd04eb1.jpg,1
1242,imgs/moped_529905a9-c6b5-47ac-97fa-07ea651a42bd.jpg,1
1243,imgs/moped_35f0d421-2e1c-499d-a33a-3c02c54c5e2b.jpg,1
1244,imgs/moped_59ff1630-353c-4324-a554-3c4c9472dea4.jpg,1
1245,imgs/moped_e7eafa70-62ee-4396-9795-384f0d9f4110.jpg,1
1246,imgs/moped_15193bdc-6342-484a-8778-d1bcbcb84623.jpg,1
1247,imgs/moped_8b6afad2-1749-43f2-a50b-5f31bab9032c.jpg,1
1248,imgs/moped_45fd8dfb-a8f2-4602-8f96-2a2a894df9a1.jpg,1
1249,imgs/moped_fcbf20b8-7948-4477-9ed7-b1d96886aebe.jpg,1
1250,imgs/moped_b19d6b96-c4aa-4748-9395-eba26706f30c.jpg,1
1251,imgs/moped_7bbdc15a-ea80-42f1-ade0-f76f554368c4.jpg,1
1252,imgs/moped_c4868c53-eed1-4817-9396-2bb0068791b9.jpg,1
1253,imgs/moped_ee0d5a81-b581-41f7-84ee-5e27f3a966b9.jpg,1
1254,imgs/moped_b74fcb6b-194a-40a4-955e-049b2f139cd4.jpg,1
1255,imgs/moped_fabecb89-b9de-4d66-bc04-4b17a0aca910.jpg,1
1256,imgs/moped_f95b91c3-271d-4d35-a7ba-340b228a7473.jpg,1
1257,imgs/moped_feefa8b6-2941-4aa1-a7bc-b39d03285095.jpg,1
1258,imgs/moped_1d5ec916-87dd-4ac3-a66c-fe77461ee227.jpg,1
1259,imgs/moped_b8604a4a-27fc-46d6-91ca-307889eb2907.jpg,1
